event_id,customer_id,order_id,event_timestamp,event_type,session_id,device_type,zone_context,api_latency_ms,success_flag,app_event_failed,high_latency_event
AE00001,C0488,,2024-08-09 03:25:00,eta_refresh,S19847,android,north,301,1,0,1
AE00002,C0595,O00950,2024-02-13 22:29:00,search_route,S32766,android,south,60,1,0,0
AE00003,C0494,O00170,2025-08-11 09:29:00,chat_opened,S99516,ios,airport,1118,1,0,1
AE00004,C0407,O00756,2025-08-23 17:38:00,eta_refresh,S41236,ios,central,442,1,0,1
AE00005,C0506,,2024-05-29 10:33:00,search_route,S12030,ios,north,60,1,0,0
AE00006,C0498,O01196,2025-02-08 09:50:00,track_order,S66655,web,west,499,1,0,1
AE00007,C0033,O00028,2025-04-20 19:06:00,chat_opened,S79495,android,south,169,1,0,0
AE00008,C0091,O00076,2024-08-18 02:08:00,search_route,S59028,android,ctr,431,1,0,1
AE00009,C0421,O01222,2025-07-20 11:46:00,eta_refresh,S76526,web,north,609,1,0,1
AE00010,C0553,O00854,2024-07-10 13:11:00,chat_opened,S24618,android,west,167,1,0,0
AE00011,C0643,O00192,2025-05-10 11:23:00,delivery_instruction_update,S22799,ios,ctr,182,1,0,0
AE00012,C0095,O01080,2025-12-10 19:11:00,chat_escalated,S57519,android,ctr,60,1,0,0
AE00013,C0479,O00414,2024-05-28 15:11:00,chat_escalated,S37114,web,west,399,0,1,1
AE00014,C0626,O01054,2025-04-04 13:19:00,track_order,S75243,android,airport,998,1,0,1
AE00015,C0014,O00860,2024-08-16 15:27:00,chat_opened,S71663,android,west,238,1,0,0
AE00016,C0506,,2024-01-13 06:22:00,search_route,S47757,ios,riverside,536,1,0,1
AE00017,C0170,O00424,2024-04-04 06:22:00,chat_escalated,S30048,android,north,624,0,1,1
AE00018,C0530,O00295,2025-11-12 08:58:00,delivery_instruction_update,S76990,android,north,626,1,0,1
AE00019,C0179,O00628,2025-03-31 17:14:00,track_order,S88326,android,south,707,1,0,1
AE00020,C0116,O01065,2025-10-25 19:05:00,chat_opened,S81897,android,north,196,1,0,0
AE00021,C0317,,2025-09-22 05:58:00,search_route,S89590,android,ctr,494,1,0,1
AE00022,C0188,O00844,2024-03-28 22:47:00,delivery_instruction_update,S29750,ios,south,760,1,0,1
AE00023,C0543,O00854,2024-10-16 14:48:00,chat_opened,S76975,ios,north,644,1,0,1
AE00024,C0022,O01082,2024-03-11 19:51:00,track_order,S59171,android,east,60,1,0,0
AE00025,C0486,,2025-06-27 22:42:00,track_order,S29906,ios,north,350,1,0,1
AE00026,C0490,O00330,2024-11-16 23:54:00,eta_refresh,S93151,android,north,388,1,0,1
AE00027,C0574,O00077,2024-05-12 06:04:00,delivery_instruction_update,S14580,ios,riverside,886,1,0,1
AE00028,C0166,,2024-09-27 00:44:00,track_order,S26243,android,south,570,1,0,1
AE00029,C0367,,2024-03-27 16:30:00,payment_retry,S27022,android,east,435,1,0,1
AE00030,C0455,O00229,2025-06-07 02:10:00,chat_opened,S74816,ios,west,403,1,0,1
AE00031,C0241,O01158,2024-06-09 05:13:00,track_order,S52070,ios,airport,1660,1,0,1
AE00032,C0226,O00402,2025-09-20 00:20:00,search_route,S18892,android,east,632,1,0,1
AE00033,C0587,O00742,2025-01-03 09:32:00,track_order,S56165,android,north,520,1,0,1
AE00034,C0245,,2025-08-21 08:08:00,search_route,S39479,android,central,510,1,0,1
AE00035,C0017,,2025-10-08 17:17:00,payment_retry,S20798,ios,south,60,1,0,0
AE00036,C0007,O00977,2025-05-03 17:47:00,chat_escalated,S19561,ios,ctr,362,0,1,1
AE00037,C0160,,2025-08-26 22:16:00,chat_opened,S73982,android,east,458,1,0,1
AE00038,C0166,O00475,2025-09-25 11:47:00,eta_refresh,S10481,ios,west,324,1,0,1
AE00039,C0274,,2024-01-09 23:40:00,payment_retry,S24754,ios,ctr,528,1,0,1
AE00040,C0532,O01015,2025-11-17 09:32:00,search_route,S82851,ios,west,724,1,0,1
AE00041,C0075,O00349,2025-05-24 04:19:00,track_order,S44614,android,riverside,670,1,0,1
AE00042,C0409,O00044,2024-09-18 07:02:00,search_route,S80779,ios,north,524,1,0,1
AE00043,C0200,O00954,2024-11-27 18:10:00,eta_refresh,S78974,android,west,287,1,0,0
AE00044,C0633,O01022,2025-06-04 17:13:00,search_route,S44218,android,central,588,1,0,1
AE00045,C0163,O00696,2024-10-09 22:04:00,payment_retry,S76855,ios,airport,555,1,0,1
AE00046,C0531,O00016,2024-10-30 13:13:00,search_route,S55883,web,west,326,1,0,1
AE00047,C0063,O00159,2024-09-18 14:52:00,track_order,S29662,ios,east,344,1,0,1
AE00048,C0306,O01222,2025-02-25 04:16:00,chat_escalated,S77519,android,riverside,166,0,1,0
AE00049,C0381,O01086,2025-11-11 17:22:00,chat_opened,S99244,android,west,113,1,0,0
AE00050,C0114,,2024-01-05 23:16:00,track_order,S64182,android,north,545,1,0,1
AE00051,C0080,O00512,2025-10-18 21:50:00,eta_refresh,S35136,android,ctr,473,1,0,1
AE00052,C0326,O01080,2024-02-12 02:37:00,payment_retry,S42021,android,north,570,0,1,1
AE00053,C0349,O00467,2024-11-28 23:28:00,delivery_instruction_update,S83805,ios,south,255,1,0,0
AE00054,C0138,O00189,2025-05-01 02:00:00,search_route,S82990,ios,south,73,1,0,0
AE00055,C0120,O00922,2024-09-29 23:08:00,track_order,S55056,ios,airport,800,1,0,1
AE00056,C0556,O01180,2025-09-23 17:24:00,payment_retry,S77071,android,north,592,0,1,1
AE00057,C0266,O00600,2025-11-03 13:54:00,track_order,S51373,android,east,585,1,0,1
AE00058,C0187,,2025-08-26 16:54:00,search_route,S24062,ios,airport,207,1,0,0
AE00059,C0613,,2024-12-30 21:49:00,delivery_instruction_update,S18202,android,east,327,1,0,1
AE00060,C0490,O00551,2025-09-14 12:20:00,search_route,S69751,ios,central,270,1,0,0
AE00061,C0551,O01205,2025-03-31 09:18:00,track_order,S46023,ios,airport,418,1,0,1
AE00062,C0116,O01105,2024-01-29 07:08:00,track_order,S57220,android,riverside,838,1,0,1
AE00063,C0549,O00656,2024-11-06 15:04:00,delivery_instruction_update,S42721,android,east,274,1,0,0
AE00064,C0515,O00032,2024-09-16 15:36:00,track_order,S99350,android,central,840,1,0,1
AE00065,C0127,O01042,2024-04-03 04:07:00,delivery_instruction_update,S23520,android,east,287,1,0,0
AE00066,C0612,,2025-05-19 07:41:00,payment_retry,S90136,android,riverside,60,0,1,0
AE00067,C0113,O00822,2025-04-28 01:07:00,eta_refresh,S57776,android,north,594,1,0,1
AE00068,C0130,O00096,2024-04-06 13:41:00,chat_opened,S29137,android,ctr,60,1,0,0
AE00069,C0303,,2025-02-13 15:13:00,payment_retry,S60656,android,south,637,0,1,1
AE00070,C0063,O00689,2025-06-11 06:37:00,chat_opened,S88132,ios,central,477,1,0,1
AE00071,C0565,O01092,2024-10-11 06:33:00,chat_opened,S38006,ios,east,300,1,0,0
AE00072,C0006,O00802,2025-11-10 23:09:00,track_order,S37414,android,ctr,155,1,0,0
AE00073,C0521,,2025-08-20 22:37:00,cancel_attempt,S18062,web,airport,392,1,0,1
AE00074,C0522,,2025-04-13 00:33:00,chat_opened,S11111,ios,airport,347,1,0,1
AE00075,C0439,O00245,2024-09-22 13:20:00,delivery_instruction_update,S47526,ios,airport,463,1,0,1
AE00076,C0221,O01006,2025-04-19 07:46:00,delivery_instruction_update,S50746,android,east,1005,1,0,1
AE00077,C0549,O01026,2024-06-12 20:18:00,search_route,S59198,ios,east,546,1,0,1
AE00078,C0328,,2025-04-30 19:26:00,eta_refresh,S67487,android,airport,853,1,0,1
AE00079,C0371,O00950,2025-02-28 12:58:00,delivery_instruction_update,S75895,ios,riverside,646,1,0,1
AE00080,C0181,O00757,2024-01-08 01:12:00,search_route,S51497,android,south,783,1,0,1
AE00081,C0182,O00976,2024-05-14 22:41:00,track_order,S96252,android,west,422,1,0,1
AE00082,C0231,O00506,2025-12-03 00:20:00,search_route,S46240,ios,east,60,1,0,0
AE00083,C0215,O00602,2024-09-12 22:25:00,track_order,S29184,ios,east,265,1,0,0
AE00084,C0021,O01124,2024-02-22 02:18:00,delivery_instruction_update,S65491,ios,south,688,1,0,1
AE00085,C0634,O01212,2024-03-20 07:47:00,delivery_instruction_update,S30667,android,airport,843,1,0,1
AE00086,C0256,,2024-03-16 01:54:00,search_route,S82272,ios,south,813,1,0,1
AE00087,C0218,O00386,2024-06-27 01:58:00,search_route,S21479,android,riverside,401,1,0,1
AE00088,C0157,,2024-06-12 21:08:00,chat_opened,S21347,android,north,561,1,0,1
AE00089,C0637,O00619,2024-01-02 17:18:00,search_route,S54109,web,north,60,1,0,0
AE00090,C0044,O00078,2025-07-17 23:08:00,payment_retry,S76455,android,north,820,1,0,1
AE00091,C0204,O00772,2025-12-06 06:51:00,chat_escalated,S24981,ios,east,610,1,0,1
AE00092,C0129,O00080,2025-04-22 23:16:00,eta_refresh,S30798,android,ctr,522,1,0,1
AE00093,C0025,O00405,2024-02-13 15:40:00,payment_retry,S57429,ios,east,440,1,0,1
AE00094,C0010,,2025-08-01 11:56:00,track_order,S78031,ios,south,573,1,0,1
AE00095,C0428,O01057,2025-05-16 01:12:00,delivery_instruction_update,S81735,web,west,399,1,0,1
AE00096,C0424,O00426,2025-02-07 00:14:00,track_order,S50881,web,east,562,1,0,1
AE00097,C0468,O00460,2025-06-10 04:05:00,payment_retry,S77602,android,riverside,404,0,1,1
AE00098,C0101,,2025-01-31 14:10:00,chat_escalated,S89859,ios,riverside,401,1,0,1
AE00099,C0095,O00709,2024-04-25 00:36:00,payment_retry,S33955,android,riverside,138,1,0,0
AE00100,C0312,,2024-05-29 17:36:00,chat_escalated,S86296,android,airport,137,0,1,0
AE00101,C0149,,2025-08-08 19:08:00,cancel_attempt,S34862,web,central,618,1,0,1
AE00102,C0272,O01227,2025-05-13 09:40:00,chat_escalated,S62522,android,east,982,1,0,1
AE00103,C0306,O00114,2025-10-02 10:34:00,payment_retry,S19712,web,north,551,1,0,1
AE00104,C0429,O00170,2024-03-19 16:37:00,chat_opened,S25315,android,riverside,649,1,0,1
AE00105,C0540,O00428,2024-05-28 05:14:00,cancel_attempt,S64900,ios,riverside,153,1,0,0
AE00106,C0360,O01144,2025-01-25 13:47:00,search_route,S96181,android,south,216,1,0,0
AE00107,C0081,O00858,2024-01-24 03:08:00,chat_escalated,S34476,android,north,449,0,1,1
AE00108,C0307,,2024-11-27 16:15:00,eta_refresh,S13993,web,ctr,1285,1,0,1
AE00109,C0114,O00393,2024-07-17 12:02:00,eta_refresh,S22089,android,airport,533,1,0,1
AE00110,C0382,O00099,2024-07-03 02:04:00,delivery_instruction_update,S87255,web,ctr,209,1,0,0
AE00111,C0565,O00055,2025-02-06 03:15:00,cancel_attempt,S80723,android,riverside,219,1,0,0
AE00112,C0259,O00051,2025-04-24 08:45:00,search_route,S67232,android,central,602,1,0,1
AE00113,C0540,O01132,2024-02-27 18:25:00,search_route,S21806,android,west,510,1,0,1
AE00114,C0135,O00217,2025-06-02 18:48:00,eta_refresh,S46677,ios,west,464,1,0,1
AE00115,C0012,O00781,2025-12-29 23:12:00,track_order,S41963,ios,north,546,1,0,1
AE00116,C0237,O00033,2024-07-16 05:19:00,eta_refresh,S56150,ios,ctr,422,1,0,1
AE00117,C0122,O00043,2024-04-11 11:39:00,track_order,S18818,android,north,387,1,0,1
AE00118,C0459,O00059,2024-07-12 20:41:00,track_order,S52877,android,north,629,1,0,1
AE00119,C0153,O00021,2024-01-13 16:25:00,track_order,S89481,web,north,628,1,0,1
AE00120,C0429,O00367,2024-08-09 08:11:00,delivery_instruction_update,S53741,android,ctr,1218,1,0,1
AE00121,C0451,O00857,2025-09-30 03:14:00,payment_retry,S19782,android,west,862,0,1,1
AE00122,C0178,O00979,2025-07-16 15:36:00,eta_refresh,S68778,ios,east,312,1,0,1
AE00123,C0250,O00011,2024-11-15 06:53:00,payment_retry,S15600,android,central,1558,1,0,1
AE00124,C0348,,2025-03-06 23:34:00,eta_refresh,S29360,android,east,537,1,0,1
AE00125,C0430,O01083,2025-06-22 18:22:00,delivery_instruction_update,S35887,android,south,510,1,0,1
AE00126,C0343,O00847,2024-12-13 22:02:00,eta_refresh,S81938,ios,central,433,1,0,1
AE00127,C0135,O01205,2025-11-12 01:05:00,track_order,S33676,web,west,299,1,0,0
AE00128,C0139,,2025-03-21 11:03:00,chat_opened,S89566,android,riverside,302,1,0,1
AE00129,C0234,O01211,2024-08-28 20:20:00,search_route,S11783,android,south,304,1,0,1
AE00130,C0499,O00863,2024-01-12 22:22:00,delivery_instruction_update,S63325,android,east,286,1,0,0
AE00131,C0344,O00395,2025-12-09 05:51:00,eta_refresh,S40076,android,east,751,1,0,1
AE00132,C0504,O00741,2024-04-30 13:14:00,chat_opened,S11696,android,west,375,1,0,1
AE00133,C0119,,2025-10-13 19:59:00,eta_refresh,S63204,android,west,512,1,0,1
AE00134,C0074,O00216,2024-12-31 16:38:00,eta_refresh,S31994,android,airport,368,1,0,1
AE00135,C0447,O00395,2025-05-03 11:11:00,chat_opened,S28174,ios,east,418,1,0,1
AE00136,C0324,,2025-09-05 10:01:00,payment_retry,S41186,android,east,491,1,0,1
AE00137,C0318,O00669,2024-07-19 21:36:00,search_route,S42305,android,north,289,1,0,0
AE00138,C0495,O00863,2024-07-04 03:28:00,delivery_instruction_update,S41862,ios,south,641,1,0,1
AE00139,C0589,O01195,2024-04-06 09:08:00,track_order,S18650,ios,south,263,1,0,0
AE00140,C0026,O00312,2024-07-30 22:16:00,track_order,S35078,ios,west,639,1,0,1
AE00141,C0644,O00956,2024-07-21 16:03:00,track_order,S51247,android,ctr,901,1,0,1
AE00142,C0005,O00103,2024-04-18 04:39:00,track_order,S33250,android,west,187,1,0,0
AE00143,C0025,O00124,2024-07-18 18:59:00,cancel_attempt,S88076,android,airport,1039,1,0,1
AE00144,C0347,O00708,2024-10-08 10:04:00,eta_refresh,S80449,android,north,648,1,0,1
AE00145,C0062,O01049,2024-08-31 23:03:00,delivery_instruction_update,S88111,ios,central,159,1,0,0
AE00146,C0228,O00311,2025-08-02 23:18:00,track_order,S69169,android,north,275,1,0,0
AE00147,C0128,O00020,2024-09-28 14:16:00,track_order,S54633,ios,central,836,1,0,1
AE00148,C0634,,2025-07-16 13:16:00,track_order,S69151,android,airport,263,1,0,0
AE00149,C0236,O00733,2024-03-04 12:19:00,delivery_instruction_update,S97668,android,east,191,1,0,0
AE00150,C0207,O00017,2025-12-02 08:49:00,cancel_attempt,S30266,android,south,118,1,0,0
AE00151,C0472,O00129,2024-11-24 20:48:00,search_route,S28386,android,airport,1035,1,0,1
AE00152,C0134,O00890,2025-10-28 12:42:00,payment_retry,S79279,ios,east,609,1,0,1
AE00153,C0540,,2024-10-28 03:03:00,search_route,S92690,android,ctr,360,1,0,1
AE00154,C0096,O00813,2025-04-03 00:09:00,track_order,S26942,ios,riverside,187,1,0,0
AE00155,C0256,O01136,2025-06-19 05:14:00,search_route,S78880,ios,east,780,1,0,1
AE00156,C0004,O00998,2025-05-12 19:56:00,chat_opened,S19094,android,north,618,1,0,1
AE00157,C0568,O01041,2025-07-05 07:53:00,chat_opened,S94050,android,east,669,1,0,1
AE00158,C0444,O00239,2024-05-01 10:17:00,track_order,S64444,android,south,558,1,0,1
AE00159,C0057,O01073,2025-10-10 01:20:00,search_route,S80676,android,south,100,1,0,0
AE00160,C0351,,2025-09-12 22:47:00,chat_opened,S51613,android,central,264,1,0,0
AE00161,C0308,O00031,2024-06-16 16:40:00,search_route,S73430,ios,east,635,1,0,1
AE00162,C0277,,2024-10-19 12:25:00,cancel_attempt,S90878,ios,riverside,477,1,0,1
AE00163,C0159,O00703,2025-05-30 03:46:00,search_route,S29863,android,south,586,1,0,1
AE00164,C0028,O00547,2025-10-13 18:52:00,eta_refresh,S21845,android,west,330,1,0,1
AE00165,C0211,O01203,2024-11-20 00:04:00,track_order,S42312,ios,west,141,1,0,0
AE00166,C0152,,2024-08-21 15:08:00,chat_escalated,S45482,ios,south,60,1,0,0
AE00167,C0327,,2024-05-24 08:39:00,track_order,S97782,android,central,450,1,0,1
AE00168,C0428,O00991,2024-11-13 12:22:00,track_order,S94225,android,central,160,1,0,0
AE00169,C0236,O01007,2025-09-20 00:31:00,payment_retry,S31565,android,airport,252,1,0,0
AE00170,C0602,,2025-05-24 11:07:00,track_order,S40147,ios,west,642,1,0,1
AE00171,C0219,,2024-12-05 01:18:00,chat_opened,S45451,ios,airport,659,1,0,1
AE00172,C0636,,2024-10-27 02:36:00,eta_refresh,S15954,ios,west,564,1,0,1
AE00173,C0604,O00323,2024-05-12 11:14:00,eta_refresh,S59591,web,west,772,1,0,1
AE00174,C0516,,2024-10-17 18:43:00,track_order,S79217,ios,west,418,1,0,1
AE00175,C0027,O00040,2025-03-22 09:30:00,chat_opened,S27542,ios,north,828,1,0,1
AE00176,C0443,O00475,2025-04-19 23:45:00,track_order,S99435,ios,east,530,1,0,1
AE00177,C0431,,2025-10-20 04:30:00,chat_opened,S90018,android,airport,338,1,0,1
AE00178,C0022,,2024-05-23 05:09:00,delivery_instruction_update,S15462,android,east,186,1,0,0
AE00179,C0634,O00605,2024-04-20 23:19:00,delivery_instruction_update,S52206,android,north,231,1,0,0
AE00180,C0003,O00599,2024-04-05 22:39:00,cancel_attempt,S48720,android,airport,282,1,0,0
AE00181,C0602,,2024-08-15 12:23:00,chat_opened,S38965,ios,east,413,1,0,1
AE00182,C0438,O01213,2025-04-26 09:51:00,eta_refresh,S29723,android,west,328,1,0,1
AE00183,C0227,,2024-04-07 12:16:00,payment_retry,S65322,ios,riverside,76,1,0,0
AE00184,C0383,O00290,2025-06-28 12:11:00,eta_refresh,S10919,android,airport,673,1,0,1
AE00185,C0540,O00636,2024-01-01 04:02:00,payment_retry,S50299,web,east,550,1,0,1
AE00186,C0297,O00033,2024-01-09 21:50:00,delivery_instruction_update,S98196,web,airport,811,1,0,1
AE00187,C0500,,2024-04-03 04:53:00,track_order,S84399,ios,riverside,516,1,0,1
AE00188,C0576,,2025-03-10 15:20:00,chat_opened,S72332,ios,south,376,1,0,1
AE00189,C0491,O00686,2024-08-03 12:43:00,chat_opened,S98299,ios,central,320,1,0,1
AE00190,C0006,O00220,2024-12-25 13:57:00,track_order,S89254,web,west,407,1,0,1
AE00191,C0559,O00582,2024-03-06 18:13:00,search_route,S57395,android,ctr,304,1,0,1
AE00192,C0415,O00091,2025-04-04 13:39:00,eta_refresh,S25456,web,riverside,238,1,0,0
AE00193,C0558,O00320,2024-08-10 19:31:00,payment_retry,S70607,ios,airport,1701,1,0,1
AE00194,C0502,,2025-04-13 13:31:00,track_order,S92171,web,riverside,291,1,0,0
AE00195,C0182,O00489,2024-02-12 12:39:00,track_order,S88300,ios,riverside,553,1,0,1
AE00196,C0308,O01227,2024-07-18 11:53:00,payment_retry,S74695,ios,airport,280,0,1,0
AE00197,C0287,,2024-01-05 09:57:00,track_order,S12792,ios,south,222,1,0,0
AE00198,C0229,,2025-11-10 12:31:00,payment_retry,S61126,ios,riverside,321,1,0,1
AE00199,C0458,O00502,2025-03-05 09:23:00,track_order,S54839,android,east,794,1,0,1
AE00200,C0422,O00420,2025-11-13 01:11:00,eta_refresh,S20454,android,riverside,574,1,0,1
AE00201,C0139,O00783,2024-08-12 08:07:00,eta_refresh,S79498,android,west,60,1,0,0
AE00202,C0190,O00008,2024-12-31 22:36:00,track_order,S46827,android,riverside,747,1,0,1
AE00203,C0050,O01110,2024-11-28 23:16:00,eta_refresh,S88874,ios,north,792,1,0,1
AE00204,C0370,O00390,2025-10-21 12:12:00,search_route,S14150,ios,airport,414,1,0,1
AE00205,C0565,O01188,2025-12-02 17:43:00,search_route,S65549,ios,west,521,1,0,1
AE00206,C0540,O00860,2025-08-10 13:22:00,track_order,S41049,ios,central,423,1,0,1
AE00207,C0611,O00360,2025-09-30 05:26:00,track_order,S85216,ios,north,443,1,0,1
AE00208,C0492,O00439,2024-07-18 08:06:00,delivery_instruction_update,S14892,ios,east,729,1,0,1
AE00209,C0311,O00549,2025-06-25 21:11:00,search_route,S69288,ios,east,479,1,0,1
AE00210,C0066,O00764,2025-10-17 10:22:00,track_order,S97799,android,north,610,1,0,1
AE00211,C0154,O00597,2025-03-10 18:31:00,chat_opened,S23758,ios,north,273,1,0,0
AE00212,C0050,O00656,2024-12-09 02:17:00,chat_escalated,S30429,web,airport,474,0,1,1
AE00213,C0165,O00825,2025-12-31 01:59:00,cancel_attempt,S21498,android,west,337,1,0,1
AE00214,C0036,O00929,2024-11-19 16:32:00,chat_escalated,S95975,ios,central,60,1,0,0
AE00215,C0408,,2024-11-04 12:36:00,eta_refresh,S99032,web,riverside,753,1,0,1
AE00216,C0353,O00689,2025-02-15 06:05:00,track_order,S56502,android,west,193,1,0,0
AE00217,C0489,O00452,2024-04-22 18:38:00,track_order,S41923,ios,east,523,1,0,1
AE00218,C0638,O00997,2024-07-11 07:41:00,search_route,S93085,android,airport,137,1,0,0
AE00219,C0495,O00473,2024-11-06 10:57:00,cancel_attempt,S46630,ios,central,371,1,0,1
AE00220,C0469,O00413,2025-10-02 15:05:00,search_route,S61687,ios,airport,1046,1,0,1
AE00221,C0309,O01074,2025-08-16 01:12:00,delivery_instruction_update,S93181,android,west,584,1,0,1
AE00222,C0511,O00539,2024-09-13 09:38:00,search_route,S16455,android,west,606,1,0,1
AE00223,C0506,,2025-01-05 02:35:00,eta_refresh,S19581,android,riverside,717,1,0,1
AE00224,C0611,,2025-12-03 15:48:00,chat_escalated,S69785,android,north,433,1,0,1
AE00225,C0105,O00659,2025-07-03 18:05:00,search_route,S69038,android,south,401,1,0,1
AE00226,C0259,O00918,2025-07-10 21:37:00,track_order,S12105,android,central,581,1,0,1
AE00227,C0194,O00918,2024-06-11 02:54:00,delivery_instruction_update,S26318,ios,riverside,241,1,0,0
AE00228,C0220,O01213,2024-03-18 10:58:00,track_order,S31464,android,north,261,1,0,0
AE00229,C0392,O00450,2024-01-29 03:08:00,track_order,S32859,ios,riverside,484,1,0,1
AE00230,C0467,O00698,2025-06-02 00:55:00,payment_retry,S79237,web,west,368,1,0,1
AE00231,C0375,O00188,2024-02-28 00:09:00,chat_opened,S62538,ios,riverside,394,1,0,1
AE00232,C0475,O00336,2025-06-10 10:39:00,chat_opened,S19410,ios,north,614,1,0,1
AE00233,C0144,O00990,2025-09-06 23:35:00,search_route,S25207,web,south,440,1,0,1
AE00234,C0447,O00068,2025-05-16 04:24:00,search_route,S16617,ios,central,718,1,0,1
AE00235,C0102,O00065,2024-07-28 16:08:00,track_order,S32192,android,east,531,1,0,1
AE00236,C0215,O00722,2024-08-23 22:05:00,payment_retry,S66874,ios,airport,478,1,0,1
AE00237,C0375,O00581,2024-05-26 13:58:00,eta_refresh,S75980,android,east,339,1,0,1
AE00238,C0611,O00098,2024-10-30 02:43:00,delivery_instruction_update,S27480,web,airport,321,1,0,1
AE00239,C0291,O00746,2025-03-15 03:20:00,chat_escalated,S83143,ios,riverside,215,1,0,0
AE00240,C0109,O00771,2025-12-08 03:46:00,chat_opened,S68728,android,ctr,895,1,0,1
AE00241,C0024,O00814,2024-06-28 06:51:00,chat_opened,S22478,ios,riverside,624,1,0,1
AE00242,C0070,O00627,2024-04-18 10:54:00,delivery_instruction_update,S59972,ios,central,792,1,0,1
AE00243,C0217,O00878,2024-07-05 13:59:00,chat_opened,S89574,android,north,646,1,0,1
AE00244,C0355,O01236,2024-02-17 00:42:00,chat_escalated,S49312,android,east,487,0,1,1
AE00245,C0159,O00570,2025-06-25 22:42:00,search_route,S22380,web,south,757,1,0,1
AE00246,C0173,O00188,2025-09-26 08:26:00,search_route,S73690,ios,east,490,1,0,1
AE00247,C0056,,2025-05-04 18:58:00,delivery_instruction_update,S49126,android,east,734,1,0,1
AE00248,C0558,O01118,2024-02-14 07:02:00,payment_retry,S95292,ios,riverside,488,1,0,1
AE00249,C0120,,2025-10-20 11:10:00,payment_retry,S60781,android,south,591,0,1,1
AE00250,C0409,,2024-03-20 14:32:00,delivery_instruction_update,S80264,web,riverside,553,1,0,1
AE00251,C0623,O00162,2024-02-16 23:07:00,payment_retry,S96369,android,central,375,1,0,1
AE00252,C0202,O00936,2024-04-24 05:08:00,track_order,S97343,ios,airport,278,1,0,0
AE00253,C0485,O01098,2025-12-13 20:05:00,chat_escalated,S76383,android,west,799,1,0,1
AE00254,C0419,O00265,2024-03-19 05:42:00,track_order,S69799,ios,east,543,1,0,1
AE00255,C0563,O00972,2024-04-11 10:46:00,payment_retry,S15134,android,central,376,1,0,1
AE00256,C0447,O00220,2025-10-08 16:41:00,delivery_instruction_update,S35671,android,south,466,1,0,1
AE00257,C0643,,2025-07-16 12:39:00,eta_refresh,S34258,ios,ctr,545,1,0,1
AE00258,C0489,O00812,2025-09-24 21:15:00,payment_retry,S53794,web,riverside,60,0,1,0
AE00259,C0055,O01208,2025-06-21 16:57:00,delivery_instruction_update,S66374,ios,west,247,1,0,0
AE00260,C0109,O00932,2024-10-25 12:28:00,cancel_attempt,S74608,web,airport,350,1,0,1
AE00261,C0433,O00167,2025-02-10 10:12:00,search_route,S51615,android,riverside,236,1,0,0
AE00262,C0079,O00532,2024-12-21 16:48:00,search_route,S78668,web,east,392,1,0,1
AE00263,C0330,O01163,2024-02-14 18:08:00,track_order,S98156,web,riverside,60,1,0,0
AE00264,C0134,,2024-02-25 19:03:00,track_order,S46151,ios,west,60,1,0,0
AE00265,C0192,O01137,2024-11-06 03:00:00,chat_opened,S53981,android,central,1240,1,0,1
AE00266,C0378,O00856,2024-12-12 10:44:00,search_route,S22322,android,airport,536,1,0,1
AE00267,C0473,,2024-09-19 05:09:00,eta_refresh,S55731,ios,riverside,542,1,0,1
AE00268,C0377,O01202,2024-05-04 16:58:00,eta_refresh,S22564,ios,west,429,1,0,1
AE00269,C0325,O00863,2025-08-15 22:29:00,delivery_instruction_update,S64498,android,riverside,304,1,0,1
AE00270,C0578,O00326,2025-09-09 01:15:00,chat_opened,S29661,android,airport,503,1,0,1
AE00271,C0322,O01193,2025-10-19 21:23:00,search_route,S43982,web,north,627,1,0,1
AE00272,C0338,O01203,2025-03-02 04:57:00,eta_refresh,S33897,ios,east,190,1,0,0
AE00273,C0433,O01067,2024-05-28 05:11:00,track_order,S48118,web,riverside,134,1,0,0
AE00274,C0049,O01167,2025-09-27 15:25:00,track_order,S94086,android,riverside,495,1,0,1
AE00275,C0485,O00676,2024-06-12 17:54:00,delivery_instruction_update,S57005,android,north,279,1,0,0
AE00276,C0111,O01221,2025-01-21 11:43:00,search_route,S73488,android,south,300,1,0,0
AE00277,C0580,O00409,2024-12-26 15:48:00,payment_retry,S59602,android,west,552,0,1,1
AE00278,C0337,O01073,2024-11-12 03:16:00,chat_opened,S88214,android,ctr,421,1,0,1
AE00279,C0112,O01215,2025-02-20 21:24:00,track_order,S90848,android,north,582,1,0,1
AE00280,C0456,O00907,2025-12-31 18:05:00,track_order,S12463,ios,north,251,1,0,0
AE00281,C0310,O00397,2024-03-06 12:05:00,search_route,S39460,android,south,457,1,0,1
AE00282,C0234,,2024-08-08 19:03:00,chat_opened,S29738,ios,west,1007,1,0,1
AE00283,C0589,O00589,2024-09-19 14:25:00,payment_retry,S32645,android,south,362,1,0,1
AE00284,C0604,O00371,2025-10-26 11:28:00,search_route,S76025,android,east,60,1,0,0
AE00285,C0440,O00539,2025-12-25 16:11:00,search_route,S17327,ios,airport,414,1,0,1
AE00286,C0358,,2024-02-18 07:54:00,search_route,S60811,ios,central,364,1,0,1
AE00287,C0573,O00074,2024-05-02 05:45:00,search_route,S30431,android,east,571,1,0,1
AE00288,C0273,O00480,2025-07-21 17:12:00,cancel_attempt,S63671,android,north,60,1,0,0
AE00289,C0207,O00654,2024-03-02 10:12:00,payment_retry,S19707,android,riverside,343,1,0,1
AE00290,C0399,O00951,2025-08-01 22:46:00,delivery_instruction_update,S84446,android,east,457,1,0,1
AE00291,C0312,O00330,2024-12-17 21:44:00,track_order,S95883,android,west,405,1,0,1
AE00292,C0520,O00929,2025-10-16 23:21:00,eta_refresh,S72274,ios,north,60,1,0,0
AE00293,C0073,O00609,2024-07-10 13:17:00,chat_escalated,S78813,android,west,1074,1,0,1
AE00294,C0492,O00876,2025-11-27 02:21:00,track_order,S33068,android,west,405,1,0,1
AE00295,C0449,O01002,2025-03-30 00:14:00,payment_retry,S13138,android,west,246,1,0,0
AE00296,C0471,O00635,2025-06-30 16:35:00,eta_refresh,S10325,android,riverside,187,1,0,0
AE00297,C0411,O01163,2025-03-25 01:02:00,payment_retry,S30130,ios,central,565,1,0,1
AE00298,C0107,O01189,2025-06-14 12:47:00,track_order,S71004,ios,east,78,1,0,0
AE00299,C0451,,2025-03-27 21:53:00,eta_refresh,S92082,web,south,529,1,0,1
AE00300,C0014,O00867,2024-08-16 00:18:00,eta_refresh,S10509,android,north,214,1,0,0
AE00301,C0503,,2024-04-15 18:05:00,eta_refresh,S91821,ios,north,294,1,0,0
AE00302,C0555,O00728,2025-03-31 12:56:00,chat_opened,S23029,web,north,692,1,0,1
AE00303,C0274,O00142,2025-01-01 07:52:00,cancel_attempt,S47090,web,south,233,1,0,0
AE00304,C0401,O00211,2025-10-25 04:43:00,search_route,S24776,web,north,324,1,0,1
AE00305,C0428,O00667,2024-02-12 16:22:00,eta_refresh,S55317,ios,east,226,1,0,0
AE00306,C0401,O00753,2024-08-28 19:44:00,chat_escalated,S68086,ios,east,265,1,0,0
AE00307,C0173,O00956,2025-01-09 16:55:00,chat_escalated,S58130,android,ctr,270,0,1,0
AE00308,C0182,O00880,2025-04-01 08:58:00,eta_refresh,S58033,ios,ctr,535,1,0,1
AE00309,C0169,O01161,2024-12-15 06:35:00,delivery_instruction_update,S21517,android,west,295,1,0,0
AE00310,C0229,O01161,2025-09-25 04:08:00,chat_opened,S21891,ios,west,206,1,0,0
AE00311,C0312,,2024-08-26 16:45:00,chat_escalated,S51997,ios,west,243,1,0,0
AE00312,C0517,,2025-11-26 03:53:00,eta_refresh,S16386,android,riverside,512,1,0,1
AE00313,C0337,O00032,2025-11-18 21:27:00,track_order,S88456,android,west,400,1,0,1
AE00314,C0047,O00755,2024-12-20 19:40:00,cancel_attempt,S71075,ios,south,579,1,0,1
AE00315,C0137,O00044,2025-02-13 08:27:00,delivery_instruction_update,S89689,android,west,296,1,0,0
AE00316,C0304,O01244,2025-02-17 13:00:00,eta_refresh,S25067,android,airport,440,1,0,1
AE00317,C0014,O00912,2025-05-03 14:40:00,track_order,S67860,web,riverside,584,1,0,1
AE00318,C0031,O00212,2024-01-01 15:57:00,track_order,S16209,ios,airport,668,1,0,1
AE00319,C0330,,2025-08-10 16:14:00,track_order,S94639,android,north,231,1,0,0
AE00320,C0244,O00884,2024-10-29 23:06:00,chat_opened,S67074,android,north,60,1,0,0
AE00321,C0239,O00437,2024-02-01 21:51:00,search_route,S46797,ios,riverside,356,1,0,1
AE00322,C0481,O00344,2024-01-26 21:37:00,eta_refresh,S17051,android,riverside,147,1,0,0
AE00323,C0648,O01237,2025-03-11 03:52:00,payment_retry,S20836,ios,ctr,752,0,1,1
AE00324,C0078,O00721,2025-05-22 15:38:00,eta_refresh,S34536,web,east,310,1,0,1
AE00325,C0479,O00062,2024-06-29 12:26:00,eta_refresh,S70624,android,north,180,1,0,0
AE00326,C0518,O00946,2025-07-01 13:21:00,track_order,S29534,ios,airport,202,1,0,0
AE00327,C0186,O00341,2024-02-13 16:18:00,search_route,S92655,web,central,311,1,0,1
AE00328,C0517,,2024-12-05 05:55:00,track_order,S81197,android,north,76,1,0,0
AE00329,C0172,O00193,2024-08-21 13:52:00,track_order,S67439,android,airport,387,1,0,1
AE00330,C0479,O00220,2024-06-04 23:57:00,payment_retry,S57427,web,airport,577,1,0,1
AE00331,C0227,,2024-09-28 03:50:00,eta_refresh,S87401,web,south,731,1,0,1
AE00332,C0247,O00391,2024-04-23 06:44:00,chat_opened,S99938,android,west,409,1,0,1
AE00333,C0138,O00453,2024-05-05 18:40:00,chat_opened,S20673,ios,north,944,1,0,1
AE00334,C0274,,2025-03-15 01:52:00,track_order,S60524,web,ctr,313,1,0,1
AE00335,C0520,O00499,2025-08-01 01:29:00,chat_opened,S97260,ios,east,389,1,0,1
AE00336,C0467,,2025-01-20 01:08:00,payment_retry,S49538,web,east,468,1,0,1
AE00337,C0529,O00319,2025-05-19 05:31:00,search_route,S60782,ios,airport,385,1,0,1
AE00338,C0257,O00890,2024-08-01 09:26:00,payment_retry,S92069,android,south,523,1,0,1
AE00339,C0316,,2025-06-04 13:22:00,search_route,S71556,ios,airport,590,1,0,1
AE00340,C0330,O00762,2024-06-11 14:01:00,track_order,S97505,ios,east,444,1,0,1
AE00341,C0537,O01121,2025-06-24 07:43:00,chat_opened,S44241,ios,riverside,527,1,0,1
AE00342,C0245,O00134,2025-02-26 11:20:00,delivery_instruction_update,S34258,android,west,897,1,0,1
AE00343,C0113,,2025-03-18 08:14:00,eta_refresh,S30321,android,ctr,595,1,0,1
AE00344,C0429,,2024-05-14 09:28:00,chat_escalated,S24008,web,central,998,0,1,1
AE00345,C0535,O01106,2025-10-25 23:21:00,track_order,S27492,ios,north,425,1,0,1
AE00346,C0367,O00864,2025-07-24 12:46:00,track_order,S85123,android,east,466,1,0,1
AE00347,C0198,,2024-11-19 11:28:00,track_order,S52660,web,south,632,1,0,1
AE00348,C0470,O00950,2025-05-06 06:45:00,chat_opened,S12702,android,central,73,1,0,0
AE00349,C0568,O00258,2025-07-01 01:46:00,search_route,S68625,android,ctr,599,1,0,1
AE00350,C0440,O00649,2024-07-11 13:26:00,chat_escalated,S55047,web,riverside,431,1,0,1
AE00351,C0374,,2024-08-10 14:40:00,chat_opened,S77770,ios,riverside,665,1,0,1
AE00352,C0372,O01052,2025-07-04 15:37:00,payment_retry,S40310,android,east,339,0,1,1
AE00353,C0467,O01164,2025-06-19 03:46:00,track_order,S84118,web,airport,1240,1,0,1
AE00354,C0240,O00522,2025-12-31 09:17:00,payment_retry,S88059,ios,airport,224,1,0,0
AE00355,C0024,O00498,2025-09-05 07:19:00,eta_refresh,S50272,web,ctr,162,1,0,0
AE00356,C0188,,2025-06-02 05:26:00,delivery_instruction_update,S19198,android,airport,439,1,0,1
AE00357,C0237,O00715,2024-03-31 09:46:00,track_order,S58207,android,west,155,1,0,0
AE00358,C0150,,2025-09-15 07:41:00,cancel_attempt,S49398,ios,west,436,1,0,1
AE00359,C0246,O00285,2025-07-20 17:10:00,chat_opened,S75742,android,north,421,1,0,1
AE00360,C0494,,2024-08-24 23:13:00,search_route,S90549,android,south,546,1,0,1
AE00361,C0107,O01138,2024-08-11 22:50:00,chat_opened,S52326,android,airport,1690,1,0,1
AE00362,C0110,O00472,2025-05-18 06:34:00,cancel_attempt,S41990,android,central,712,1,0,1
AE00363,C0502,,2024-05-27 09:15:00,eta_refresh,S13723,ios,west,314,1,0,1
AE00364,C0442,O00437,2025-12-28 12:16:00,chat_opened,S62470,android,west,191,1,0,0
AE00365,C0495,,2024-05-26 00:06:00,track_order,S52410,web,south,345,1,0,1
AE00366,C0303,O00876,2025-02-12 17:14:00,track_order,S28427,ios,east,374,1,0,1
AE00367,C0422,,2025-12-09 08:52:00,payment_retry,S64636,ios,riverside,250,0,1,0
AE00368,C0198,O00108,2024-05-13 12:41:00,eta_refresh,S81518,ios,south,690,1,0,1
AE00369,C0233,O00056,2025-07-03 19:28:00,payment_retry,S64693,android,south,767,1,0,1
AE00370,C0143,O00349,2025-11-04 05:48:00,track_order,S81391,android,south,248,1,0,0
AE00371,C0465,O00120,2025-09-02 04:20:00,delivery_instruction_update,S69933,android,south,567,1,0,1
AE00372,C0031,O01153,2025-01-11 08:26:00,chat_escalated,S31367,android,north,421,0,1,1
AE00373,C0428,O00887,2024-06-05 00:55:00,eta_refresh,S30198,web,airport,749,1,0,1
AE00374,C0235,,2025-07-27 14:49:00,delivery_instruction_update,S26479,android,south,446,1,0,1
AE00375,C0191,O01124,2025-03-22 13:47:00,delivery_instruction_update,S67260,ios,riverside,669,1,0,1
AE00376,C0097,O00348,2025-10-15 06:18:00,track_order,S46372,android,east,337,1,0,1
AE00377,C0144,O00866,2024-11-14 08:15:00,eta_refresh,S75566,android,south,60,1,0,0
AE00378,C0528,O01093,2025-07-17 03:13:00,track_order,S64607,ios,airport,668,1,0,1
AE00379,C0649,O00517,2024-02-27 15:55:00,chat_opened,S53800,ios,south,301,1,0,1
AE00380,C0134,O01002,2025-12-21 09:44:00,eta_refresh,S23762,android,central,60,1,0,0
AE00381,C0573,O00812,2025-04-17 07:41:00,eta_refresh,S64472,android,east,517,1,0,1
AE00382,C0361,O01249,2025-11-02 07:29:00,eta_refresh,S86079,ios,central,428,1,0,1
AE00383,C0313,O01239,2025-07-08 22:02:00,chat_escalated,S25556,ios,north,534,1,0,1
AE00384,C0425,O00303,2025-07-13 15:37:00,payment_retry,S91940,android,airport,265,1,0,0
AE00385,C0331,O01246,2025-02-23 03:07:00,delivery_instruction_update,S85959,ios,riverside,636,1,0,1
AE00386,C0269,O01127,2025-03-20 05:38:00,chat_opened,S72987,ios,east,436,1,0,1
AE00387,C0430,,2024-12-23 11:44:00,eta_refresh,S12449,android,ctr,1103,1,0,1
AE00388,C0437,,2025-07-07 13:49:00,payment_retry,S40594,android,ctr,363,1,0,1
AE00389,C0026,O00884,2024-07-14 21:54:00,search_route,S34019,web,airport,1265,1,0,1
AE00390,C0140,,2025-06-17 17:49:00,delivery_instruction_update,S39323,ios,east,324,1,0,1
AE00391,C0058,,2024-06-01 07:38:00,eta_refresh,S98672,web,west,68,1,0,0
AE00392,C0617,,2024-07-25 22:02:00,chat_opened,S55184,android,south,552,1,0,1
AE00393,C0406,O01209,2025-01-01 09:37:00,chat_escalated,S87121,ios,west,324,1,0,1
AE00394,C0292,O01005,2025-04-26 09:01:00,chat_opened,S35246,ios,east,267,1,0,0
AE00395,C0016,O00748,2024-04-30 02:38:00,search_route,S79318,ios,airport,161,1,0,0
AE00396,C0564,O00111,2024-01-02 03:02:00,track_order,S54033,web,airport,1633,1,0,1
AE00397,C0517,O00180,2024-08-16 20:27:00,search_route,S72253,ios,airport,676,1,0,1
AE00398,C0317,,2025-04-24 02:57:00,track_order,S10823,android,riverside,442,1,0,1
AE00399,C0617,,2025-04-03 23:33:00,search_route,S59034,ios,airport,504,1,0,1
AE00400,C0256,O01216,2024-10-07 04:49:00,search_route,S90819,ios,north,149,1,0,0
AE00401,C0401,,2025-08-10 10:58:00,eta_refresh,S66819,android,west,692,1,0,1
AE00402,C0459,O00554,2025-01-15 08:37:00,track_order,S46288,ios,south,655,1,0,1
AE00403,C0180,O00149,2025-03-19 09:20:00,payment_retry,S10192,android,ctr,108,1,0,0
AE00404,C0121,O01227,2025-04-05 09:01:00,eta_refresh,S46724,ios,riverside,521,1,0,1
AE00405,C0534,O00754,2024-10-26 21:19:00,search_route,S47493,android,airport,391,1,0,1
AE00406,C0347,,2024-04-14 08:45:00,search_route,S35157,web,south,314,1,0,1
AE00407,C0323,O00442,2025-01-12 17:00:00,track_order,S11233,ios,riverside,435,1,0,1
AE00408,C0188,O01142,2024-01-27 06:30:00,delivery_instruction_update,S52727,android,west,94,1,0,0
AE00409,C0553,O00968,2025-05-18 14:10:00,payment_retry,S15466,android,south,247,1,0,0
AE00410,C0377,O00170,2024-08-15 13:48:00,cancel_attempt,S21027,android,central,556,1,0,1
AE00411,C0232,O00652,2025-07-11 06:55:00,eta_refresh,S54027,web,west,318,1,0,1
AE00412,C0005,,2025-12-17 03:49:00,search_route,S77981,android,west,363,1,0,1
AE00413,C0615,O00548,2025-06-30 19:24:00,chat_opened,S29100,web,east,415,1,0,1
AE00414,C0347,,2025-11-27 13:43:00,delivery_instruction_update,S35015,android,airport,863,1,0,1
AE00415,C0073,,2025-01-14 07:33:00,track_order,S23089,android,east,189,1,0,0
AE00416,C0567,,2024-12-03 09:17:00,payment_retry,S49000,android,south,377,1,0,1
AE00417,C0381,O01091,2025-05-26 16:35:00,payment_retry,S83880,android,west,93,0,1,0
AE00418,C0012,O01122,2025-11-06 16:41:00,track_order,S77156,android,west,489,1,0,1
AE00419,C0098,,2025-12-13 06:08:00,chat_escalated,S21703,ios,south,218,0,1,0
AE00420,C0292,O00068,2025-07-12 13:05:00,track_order,S85103,android,north,313,1,0,1
AE00421,C0248,,2025-05-29 14:18:00,payment_retry,S91752,web,riverside,626,1,0,1
AE00422,C0441,O00626,2024-05-03 17:49:00,eta_refresh,S44698,android,airport,1148,1,0,1
AE00423,C0397,,2024-08-17 11:02:00,payment_retry,S97087,android,east,417,1,0,1
AE00424,C0122,O00515,2025-01-30 01:54:00,track_order,S63816,android,airport,863,1,0,1
AE00425,C0444,O00651,2025-12-13 07:30:00,track_order,S51771,web,airport,427,1,0,1
AE00426,C0232,O00442,2024-01-06 16:17:00,eta_refresh,S91627,android,east,385,1,0,1
AE00427,C0163,,2024-09-11 08:22:00,delivery_instruction_update,S86956,android,north,336,1,0,1
AE00428,C0410,,2024-03-14 05:03:00,chat_opened,S38484,android,ctr,242,1,0,0
AE00429,C0604,O00119,2025-05-29 18:52:00,delivery_instruction_update,S89816,ios,riverside,374,1,0,1
AE00430,C0293,O00589,2025-02-27 18:39:00,eta_refresh,S54890,android,north,507,1,0,1
AE00431,C0498,O00890,2024-12-12 02:40:00,search_route,S42910,android,south,840,1,0,1
AE00432,C0566,,2025-08-22 15:42:00,search_route,S57637,android,north,489,1,0,1
AE00433,C0505,O01229,2024-11-08 11:31:00,cancel_attempt,S95338,web,south,173,1,0,0
AE00434,C0568,O00624,2024-07-01 20:26:00,track_order,S65887,android,east,572,1,0,1
AE00435,C0443,,2024-09-19 15:35:00,eta_refresh,S85198,android,south,627,1,0,1
AE00436,C0105,O00400,2024-09-11 01:02:00,payment_retry,S32334,ios,riverside,607,1,0,1
AE00437,C0039,O01030,2024-01-22 18:04:00,payment_retry,S89304,ios,west,153,0,1,0
AE00438,C0141,O00110,2025-06-03 18:59:00,eta_refresh,S56257,android,riverside,880,1,0,1
AE00439,C0266,O00694,2025-06-22 20:44:00,chat_opened,S88251,ios,south,442,1,0,1
AE00440,C0343,O00175,2024-10-10 07:45:00,eta_refresh,S65286,android,east,343,1,0,1
AE00441,C0410,O00491,2025-02-03 05:01:00,track_order,S20334,android,east,633,1,0,1
AE00442,C0399,O01089,2024-03-29 12:18:00,chat_opened,S61743,ios,airport,613,1,0,1
AE00443,C0352,O00052,2024-06-17 16:24:00,track_order,S44595,web,north,427,1,0,1
AE00444,C0033,O00457,2025-10-27 22:48:00,chat_opened,S80276,android,ctr,444,1,0,1
AE00445,C0059,O00368,2024-08-28 18:45:00,search_route,S64535,android,east,257,1,0,0
AE00446,C0363,,2024-12-08 21:41:00,delivery_instruction_update,S49168,ios,south,295,1,0,0
AE00447,C0482,,2024-05-27 00:40:00,cancel_attempt,S25973,android,airport,427,1,0,1
AE00448,C0116,O00640,2025-06-03 06:20:00,payment_retry,S60860,web,west,696,1,0,1
AE00449,C0448,O01046,2025-05-16 16:42:00,track_order,S75654,android,central,354,1,0,1
AE00450,C0127,O00569,2024-10-17 16:23:00,cancel_attempt,S31505,android,riverside,481,1,0,1
AE00451,C0263,O00397,2024-04-19 20:58:00,payment_retry,S48520,web,north,566,1,0,1
AE00452,C0328,O01033,2025-10-14 21:53:00,payment_retry,S67845,android,south,865,1,0,1
AE00453,C0533,O01050,2025-01-07 07:22:00,eta_refresh,S27396,android,south,60,1,0,0
AE00454,C0319,,2024-06-16 07:27:00,cancel_attempt,S86441,android,south,619,1,0,1
AE00455,C0185,,2025-06-15 06:13:00,delivery_instruction_update,S73947,ios,riverside,144,1,0,0
AE00456,C0065,O00468,2025-08-26 00:32:00,chat_opened,S41927,ios,west,445,1,0,1
AE00457,C0646,,2025-04-02 08:36:00,payment_retry,S34228,web,airport,881,1,0,1
AE00458,C0227,,2024-02-08 23:26:00,search_route,S49487,android,north,606,1,0,1
AE00459,C0530,O00259,2025-05-01 22:20:00,eta_refresh,S39920,android,riverside,633,1,0,1
AE00460,C0207,,2025-04-08 18:47:00,cancel_attempt,S22911,ios,riverside,253,1,0,0
AE00461,C0338,O00694,2025-01-20 13:17:00,search_route,S99353,android,south,560,1,0,1
AE00462,C0306,O00871,2024-07-08 17:38:00,track_order,S25207,web,airport,1403,1,0,1
AE00463,C0632,O00578,2025-12-12 16:29:00,search_route,S67860,ios,west,459,1,0,1
AE00464,C0141,,2025-06-13 02:18:00,chat_opened,S99949,android,east,498,1,0,1
AE00465,C0405,O00472,2024-10-14 12:40:00,payment_retry,S46496,android,north,289,1,0,0
AE00466,C0340,O00877,2025-02-07 04:03:00,delivery_instruction_update,S79340,ios,north,741,1,0,1
AE00467,C0020,O00568,2024-11-16 21:24:00,eta_refresh,S88112,web,north,72,1,0,0
AE00468,C0256,O00270,2025-08-21 17:49:00,chat_opened,S77533,android,airport,386,1,0,1
AE00469,C0364,O00426,2025-10-01 02:21:00,chat_opened,S25925,android,north,230,1,0,0
AE00470,C0426,O00313,2024-07-12 14:41:00,chat_opened,S38146,ios,north,630,1,0,1
AE00471,C0483,,2024-08-30 13:38:00,track_order,S61566,ios,riverside,535,1,0,1
AE00472,C0598,O00433,2024-08-03 09:44:00,search_route,S33427,ios,west,400,1,0,1
AE00473,C0237,O00215,2025-01-30 21:28:00,payment_retry,S43089,android,central,404,1,0,1
AE00474,C0395,O01240,2025-11-06 13:46:00,chat_opened,S54474,android,west,476,1,0,1
AE00475,C0408,O00456,2025-11-20 04:29:00,track_order,S71913,ios,south,763,1,0,1
AE00476,C0523,O00217,2024-04-23 05:35:00,track_order,S88872,web,west,294,1,0,0
AE00477,C0266,,2024-03-30 19:25:00,delivery_instruction_update,S53022,ios,airport,365,1,0,1
AE00478,C0629,O00162,2024-08-04 19:21:00,cancel_attempt,S92557,ios,west,511,1,0,1
AE00479,C0607,O00836,2025-01-09 13:34:00,eta_refresh,S96851,ios,west,266,1,0,0
AE00480,C0376,O00946,2025-09-17 13:25:00,eta_refresh,S83765,web,west,655,1,0,1
AE00481,C0120,O00026,2025-02-09 09:36:00,eta_refresh,S31920,ios,west,486,1,0,1
AE00482,C0538,O01053,2025-05-25 15:42:00,track_order,S90703,android,central,363,1,0,1
AE00483,C0220,O00464,2025-08-05 22:34:00,payment_retry,S60131,android,north,378,1,0,1
AE00484,C0409,O00954,2024-09-08 07:04:00,chat_opened,S54681,android,east,366,1,0,1
AE00485,C0286,O00820,2025-03-22 14:00:00,search_route,S27241,ios,ctr,650,1,0,1
AE00486,C0642,O01090,2024-11-24 12:57:00,delivery_instruction_update,S44319,web,east,445,1,0,1
AE00487,C0113,O00668,2024-03-30 03:51:00,search_route,S82488,web,riverside,407,1,0,1
AE00488,C0403,O00609,2025-06-02 02:06:00,payment_retry,S49774,ios,north,504,0,1,1
AE00489,C0216,O00923,2025-09-06 07:08:00,search_route,S25859,web,airport,93,1,0,0
AE00490,C0092,O00951,2024-11-16 07:23:00,track_order,S49678,android,central,629,1,0,1
AE00491,C0280,O00387,2024-10-28 12:40:00,eta_refresh,S83479,ios,east,379,1,0,1
AE00492,C0626,O00321,2025-09-27 14:21:00,chat_escalated,S90324,web,central,732,0,1,1
AE00493,C0032,O00014,2025-10-16 22:09:00,search_route,S81341,android,west,609,1,0,1
AE00494,C0066,,2024-12-17 10:58:00,track_order,S87386,android,east,204,1,0,0
AE00495,C0152,O00180,2025-05-26 14:42:00,eta_refresh,S19414,ios,north,461,1,0,1
AE00496,C0449,O00883,2024-02-21 07:36:00,chat_escalated,S79276,android,south,699,1,0,1
AE00497,C0019,O00629,2024-10-09 04:18:00,search_route,S48419,android,south,570,1,0,1
AE00498,C0621,,2025-04-05 12:19:00,chat_opened,S97305,ios,airport,234,1,0,0
AE00499,C0067,,2025-01-15 23:40:00,track_order,S64477,android,riverside,322,1,0,1
AE00500,C0044,O01025,2025-11-09 05:18:00,cancel_attempt,S17169,android,riverside,401,1,0,1
AE00501,C0088,,2024-03-21 09:36:00,chat_opened,S85870,ios,south,317,1,0,1
AE00502,C0298,O00586,2025-06-11 10:21:00,delivery_instruction_update,S37174,ios,riverside,339,1,0,1
AE00503,C0112,O00001,2024-08-02 12:35:00,delivery_instruction_update,S44209,android,riverside,204,1,0,0
AE00504,C0530,O00911,2024-09-27 20:14:00,eta_refresh,S26188,ios,north,650,1,0,1
AE00505,C0126,O00933,2025-07-16 13:22:00,delivery_instruction_update,S77180,web,riverside,60,1,0,0
AE00506,C0521,O00847,2025-06-12 23:24:00,search_route,S52317,android,north,746,1,0,1
AE00507,C0613,O00916,2025-12-30 23:05:00,eta_refresh,S75035,ios,east,805,1,0,1
AE00508,C0247,,2024-01-05 03:05:00,search_route,S40964,ios,airport,661,1,0,1
AE00509,C0408,O00111,2025-09-01 23:13:00,delivery_instruction_update,S54652,ios,north,558,1,0,1
AE00510,C0622,O01201,2025-09-10 05:05:00,chat_opened,S76345,android,west,200,1,0,0
AE00511,C0603,O00263,2025-02-23 07:32:00,eta_refresh,S15323,android,south,626,1,0,1
AE00512,C0089,O00210,2024-04-09 08:22:00,payment_retry,S31359,ios,ctr,171,1,0,0
AE00513,C0128,,2025-12-15 19:45:00,chat_escalated,S83961,android,central,387,0,1,1
AE00514,C0479,O00130,2024-04-16 07:25:00,track_order,S88181,android,west,563,1,0,1
AE00515,C0239,O00552,2025-08-10 23:50:00,track_order,S66252,ios,south,241,1,0,0
AE00516,C0054,O00305,2024-08-19 07:16:00,eta_refresh,S55049,android,west,695,1,0,1
AE00517,C0089,O00288,2025-01-06 00:09:00,eta_refresh,S30949,android,riverside,358,1,0,1
AE00518,C0313,O00598,2025-03-20 18:15:00,cancel_attempt,S42373,android,south,60,1,0,0
AE00519,C0425,O00482,2025-03-13 19:45:00,delivery_instruction_update,S91220,android,south,472,1,0,1
AE00520,C0221,O00875,2025-11-30 11:23:00,delivery_instruction_update,S38093,ios,south,60,1,0,0
AE00521,C0542,O01079,2024-08-26 03:38:00,eta_refresh,S43006,android,airport,153,1,0,0
AE00522,C0495,O00380,2024-01-09 03:41:00,eta_refresh,S15468,ios,airport,247,1,0,0
AE00523,C0212,,2025-08-13 15:36:00,delivery_instruction_update,S34133,android,central,990,1,0,1
AE00524,C0377,O00759,2024-03-17 02:17:00,chat_opened,S27328,ios,airport,1468,1,0,1
AE00525,C0300,O01001,2025-07-23 15:34:00,delivery_instruction_update,S49936,android,central,716,1,0,1
AE00526,C0137,,2025-04-21 19:54:00,search_route,S25731,android,south,313,1,0,1
AE00527,C0475,,2025-10-06 08:53:00,track_order,S58709,ios,west,225,1,0,0
AE00528,C0502,O00032,2025-02-28 15:15:00,eta_refresh,S61761,android,north,376,1,0,1
AE00529,C0226,,2024-01-17 07:51:00,track_order,S67010,web,south,810,1,0,1
AE00530,C0433,O00520,2024-01-01 10:39:00,eta_refresh,S29551,ios,riverside,279,1,0,0
AE00531,C0175,O00897,2025-12-13 19:30:00,payment_retry,S18824,ios,east,298,0,1,0
AE00532,C0223,,2025-04-13 05:32:00,delivery_instruction_update,S23263,web,west,420,1,0,1
AE00533,C0358,O00953,2024-11-10 03:21:00,eta_refresh,S56553,ios,ctr,662,1,0,1
AE00534,C0518,O00447,2024-01-04 16:24:00,eta_refresh,S59635,android,north,271,1,0,0
AE00535,C0133,O01234,2025-05-23 02:05:00,chat_opened,S28612,android,airport,405,1,0,1
AE00536,C0317,,2025-02-25 05:22:00,eta_refresh,S46532,android,ctr,671,1,0,1
AE00537,C0124,O00394,2024-08-10 21:10:00,search_route,S68896,android,south,431,1,0,1
AE00538,C0597,O00135,2024-04-18 11:43:00,delivery_instruction_update,S20205,ios,east,666,1,0,1
AE00539,C0145,O00986,2024-07-06 23:30:00,track_order,S78417,web,east,133,1,0,0
AE00540,C0094,,2024-03-01 14:58:00,chat_opened,S46627,android,north,347,1,0,1
AE00541,C0635,O00803,2024-06-06 20:52:00,track_order,S34716,ios,riverside,83,1,0,0
AE00542,C0508,O00291,2024-09-28 21:45:00,track_order,S86081,ios,south,267,1,0,0
AE00543,C0176,O00002,2025-06-26 03:34:00,track_order,S74871,ios,airport,244,1,0,0
AE00544,C0411,O00258,2024-06-17 01:39:00,chat_opened,S14020,ios,ctr,451,1,0,1
AE00545,C0019,O00640,2025-10-23 01:47:00,search_route,S93178,android,central,171,1,0,0
AE00546,C0041,O00050,2025-07-18 12:02:00,eta_refresh,S37605,web,north,242,1,0,0
AE00547,C0238,O00764,2024-09-28 04:05:00,chat_escalated,S36427,android,riverside,1138,0,1,1
AE00548,C0454,O00923,2024-05-03 13:22:00,chat_opened,S35306,android,east,510,1,0,1
AE00549,C0442,O00287,2025-08-29 00:35:00,delivery_instruction_update,S64617,ios,west,763,1,0,1
AE00550,C0388,O00923,2024-08-15 18:46:00,search_route,S46051,android,north,549,1,0,1
AE00551,C0013,O00455,2025-06-15 23:09:00,chat_opened,S84328,android,riverside,477,1,0,1
AE00552,C0616,O01232,2024-07-28 14:12:00,search_route,S47519,android,south,671,1,0,1
AE00553,C0401,,2025-08-13 10:59:00,track_order,S41785,ios,central,104,1,0,0
AE00554,C0394,O01117,2024-11-03 05:42:00,track_order,S93872,web,south,292,1,0,0
AE00555,C0108,,2025-10-11 17:50:00,track_order,S35202,web,airport,904,1,0,1
AE00556,C0266,,2024-02-13 11:19:00,track_order,S17949,ios,east,598,1,0,1
AE00557,C0187,O00982,2025-02-13 06:44:00,chat_opened,S54552,ios,riverside,720,1,0,1
AE00558,C0129,O01192,2024-08-27 13:04:00,payment_retry,S40376,ios,east,603,1,0,1
AE00559,C0337,O01131,2024-01-30 07:36:00,chat_escalated,S93047,ios,airport,426,0,1,1
AE00560,C0062,O01056,2025-03-30 12:44:00,chat_opened,S36308,android,airport,60,1,0,0
AE00561,C0006,O00716,2024-03-14 20:26:00,chat_opened,S17807,web,south,97,1,0,0
AE00562,C0291,O00100,2024-05-17 23:35:00,payment_retry,S45061,android,south,567,0,1,1
AE00563,C0259,O00572,2025-11-07 23:10:00,search_route,S94354,ios,east,424,1,0,1
AE00564,C0620,O00745,2025-06-29 18:33:00,track_order,S88208,android,south,854,1,0,1
AE00565,C0260,O00177,2024-09-19 23:02:00,track_order,S51574,web,south,351,1,0,1
AE00566,C0538,O00071,2024-12-15 09:29:00,chat_opened,S13907,ios,airport,709,1,0,1
AE00567,C0403,,2025-12-06 13:13:00,delivery_instruction_update,S74491,android,riverside,838,1,0,1
AE00568,C0033,O00103,2025-07-16 05:21:00,search_route,S88268,ios,airport,691,1,0,1
AE00569,C0029,O00438,2025-05-20 00:59:00,cancel_attempt,S35398,android,west,831,1,0,1
AE00570,C0133,O01194,2024-05-21 17:50:00,delivery_instruction_update,S69203,ios,riverside,387,1,0,1
AE00571,C0568,O00328,2025-01-08 15:50:00,chat_escalated,S30102,web,south,661,1,0,1
AE00572,C0074,,2025-10-03 05:16:00,track_order,S12786,android,east,67,1,0,0
AE00573,C0291,O00865,2024-04-17 04:45:00,chat_opened,S32689,android,central,256,1,0,0
AE00574,C0591,O01219,2025-08-20 22:54:00,track_order,S22064,android,airport,517,1,0,1
AE00575,C0509,O00011,2024-12-26 18:38:00,track_order,S44128,ios,airport,456,1,0,1
AE00576,C0218,O00901,2024-11-04 21:00:00,search_route,S39058,android,west,488,1,0,1
AE00577,C0050,O00217,2025-10-29 03:52:00,payment_retry,S25608,ios,south,280,1,0,0
AE00578,C0289,O01215,2025-06-28 05:20:00,chat_opened,S40958,android,ctr,1462,1,0,1
AE00579,C0088,O01143,2025-07-28 12:36:00,search_route,S48311,android,north,730,1,0,1
AE00580,C0442,O00629,2025-10-11 08:12:00,delivery_instruction_update,S87300,android,east,60,1,0,0
AE00581,C0203,,2024-03-07 08:14:00,chat_opened,S36767,android,west,708,1,0,1
AE00582,C0509,O00053,2025-01-01 20:04:00,chat_escalated,S17952,ios,central,1402,0,1,1
AE00583,C0040,O00424,2024-12-19 02:44:00,eta_refresh,S38065,ios,east,60,1,0,0
AE00584,C0338,,2024-06-02 09:07:00,cancel_attempt,S42250,ios,north,441,1,0,1
AE00585,C0183,O00458,2025-06-21 10:17:00,eta_refresh,S16357,android,central,152,1,0,0
AE00586,C0334,,2025-04-07 08:42:00,search_route,S25359,android,ctr,249,1,0,0
AE00587,C0430,,2024-05-21 17:34:00,chat_opened,S79926,android,south,213,1,0,0
AE00588,C0046,O00582,2025-06-03 08:19:00,payment_retry,S73412,ios,riverside,516,0,1,1
AE00589,C0543,,2024-11-19 19:38:00,track_order,S82119,android,riverside,357,1,0,1
AE00590,C0515,,2025-04-13 04:28:00,search_route,S33101,android,east,145,1,0,0
AE00591,C0099,O00801,2024-11-06 12:29:00,eta_refresh,S78327,android,central,755,1,0,1
AE00592,C0231,,2024-05-06 13:33:00,delivery_instruction_update,S63193,android,airport,704,1,0,1
AE00593,C0030,,2025-03-10 18:52:00,track_order,S79043,android,west,655,1,0,1
AE00594,C0208,O00618,2024-03-03 09:59:00,track_order,S43752,ios,west,308,1,0,1
AE00595,C0610,O00716,2025-10-02 23:19:00,eta_refresh,S26110,android,south,142,1,0,0
AE00596,C0174,O00190,2024-01-01 19:53:00,eta_refresh,S32843,ios,airport,462,1,0,1
AE00597,C0514,O00030,2024-12-02 18:45:00,track_order,S92720,ios,riverside,234,1,0,0
AE00598,C0461,,2024-06-05 00:16:00,chat_opened,S43230,android,north,712,1,0,1
AE00599,C0410,O00517,2024-09-10 00:17:00,chat_escalated,S52699,web,riverside,282,1,0,0
AE00600,C0634,O00251,2024-12-03 03:06:00,payment_retry,S11815,ios,west,432,1,0,1
AE00601,C0503,O00374,2025-01-06 09:15:00,delivery_instruction_update,S37139,android,north,850,1,0,1
AE00602,C0278,O00559,2024-11-29 17:16:00,chat_opened,S47257,android,south,355,1,0,1
AE00603,C0232,O00960,2024-07-04 16:58:00,search_route,S62391,web,south,552,1,0,1
AE00604,C0378,O00338,2024-05-05 23:01:00,search_route,S93133,ios,ctr,266,1,0,0
AE00605,C0576,O01052,2024-07-20 03:58:00,chat_escalated,S79827,web,north,235,0,1,0
AE00606,C0442,O00536,2025-01-20 17:25:00,eta_refresh,S68063,ios,south,394,1,0,1
AE00607,C0128,O01228,2024-10-05 00:14:00,eta_refresh,S70979,ios,north,609,1,0,1
AE00608,C0032,O00812,2025-10-21 12:26:00,eta_refresh,S22172,web,riverside,60,1,0,0
AE00609,C0003,O00895,2025-06-27 12:45:00,payment_retry,S43719,ios,riverside,715,1,0,1
AE00610,C0590,,2025-06-19 02:45:00,track_order,S62267,web,airport,60,1,0,0
AE00611,C0038,O00716,2024-11-01 15:56:00,track_order,S52284,android,riverside,60,1,0,0
AE00612,C0446,O00508,2024-07-26 04:10:00,track_order,S42727,web,west,605,1,0,1
AE00613,C0263,O00620,2025-03-03 17:24:00,search_route,S70320,android,west,355,1,0,1
AE00614,C0351,O00652,2024-05-01 01:28:00,eta_refresh,S73106,android,ctr,154,1,0,0
AE00615,C0450,O00983,2025-09-04 00:03:00,eta_refresh,S99323,ios,west,322,1,0,1
AE00616,C0340,O00578,2025-04-08 21:34:00,delivery_instruction_update,S42991,android,south,569,1,0,1
AE00617,C0131,,2025-07-21 05:36:00,chat_opened,S95435,ios,ctr,770,1,0,1
AE00618,C0058,O01053,2025-05-14 10:54:00,track_order,S64470,ios,north,294,1,0,0
AE00619,C0279,O00904,2024-03-14 15:05:00,cancel_attempt,S29439,ios,west,551,1,0,1
AE00620,C0017,O01083,2025-08-02 12:06:00,track_order,S69072,android,north,448,1,0,1
AE00621,C0141,O01114,2025-10-30 17:01:00,delivery_instruction_update,S54683,android,east,778,1,0,1
AE00622,C0052,,2024-05-31 16:42:00,eta_refresh,S48972,ios,north,440,1,0,1
AE00623,C0168,O00809,2025-01-04 07:15:00,track_order,S80005,android,airport,444,1,0,1
AE00624,C0214,O00374,2025-06-27 06:15:00,delivery_instruction_update,S81380,ios,airport,1285,1,0,1
AE00625,C0650,O00427,2024-08-18 13:02:00,search_route,S41166,android,south,333,1,0,1
AE00626,C0159,O00492,2024-09-29 13:26:00,track_order,S38639,android,west,414,1,0,1
AE00627,C0357,,2024-11-25 02:30:00,search_route,S10635,web,north,225,1,0,0
AE00628,C0264,O00101,2025-05-06 06:56:00,eta_refresh,S90532,android,east,462,1,0,1
AE00629,C0412,O01113,2025-08-29 10:33:00,track_order,S17041,android,west,211,1,0,0
AE00630,C0161,O00372,2025-06-18 06:26:00,chat_opened,S53370,ios,south,60,1,0,0
AE00631,C0106,O00340,2024-04-03 16:30:00,chat_escalated,S75165,ios,south,313,1,0,1
AE00632,C0459,O00658,2024-10-03 01:10:00,chat_opened,S57477,android,south,283,1,0,0
AE00633,C0298,O00533,2024-07-22 05:38:00,delivery_instruction_update,S42849,web,north,242,1,0,0
AE00634,C0240,,2024-02-13 14:15:00,chat_escalated,S33275,android,riverside,398,0,1,1
AE00635,C0175,O00485,2025-09-04 14:17:00,delivery_instruction_update,S65669,ios,north,245,1,0,0
AE00636,C0431,O00575,2025-12-07 01:24:00,chat_opened,S12829,web,south,172,1,0,0
AE00637,C0550,O01112,2024-05-22 07:43:00,search_route,S63179,web,central,535,1,0,1
AE00638,C0184,O01227,2024-09-08 23:22:00,eta_refresh,S73176,android,east,758,1,0,1
AE00639,C0191,O00991,2025-01-06 07:47:00,eta_refresh,S77218,android,ctr,223,1,0,0
AE00640,C0182,,2025-04-15 23:12:00,track_order,S76489,ios,central,449,1,0,1
