complaint_id,customer_id_x,order_id,complaint_type,channel,severity,created_at,status,resolution_days,compensation_amount,severity_score,age,home_zone,customer_type,signup_date,loyalty_score,app_engagement_score,preferred_channel,account_status,customer_id_y,service_type,order_created_at,promised_window_hours,pickup_zone,dropoff_zone,priority_level,order_value,booking_channel,special_handling_flag
CP0001,C0464,O00814,appissue,app,high,2025-03-30 02:36:00,open,11,23.99,3,71,airport,enterprise,2024-07-27 08:02:00,28.8,49.2,phone,dormant,C0464,passenger,2025-03-26 02:36:00,12,east,riverside,medium,27.9,phone,0
CP0002,C0056,O00628,missedpickup,phone,medium,2024-11-07 10:05:00,open,4,21.64,2,54,north,consumer,2024-06-03 02:11:00,71.1,32.0,app,active,C0056,passenger,2024-10-26 10:05:00,12,riverside,north,medium,52.85,app,1
CP0003,C0469,O00384,delay,chatbot,high,2024-01-02 15:47:00,open,16,26.41,3,20,north,consumer,2024-11-15 02:13:00,59.6,60.5,app,active,C0469,medical,2024-01-01 15:47:00,4,ctr,central,low,12.58,web,0
CP0004,C0631,O00406,delay,app,medium,2025-01-14 13:07:00,awaitingcustomer,7,23.44,2,44,north,consumer,2024-02-12 04:44:00,65.8,81.4,web,active,C0631,retail,2025-01-05 13:07:00,2,airport,riverside,critical,59.17,app,0
CP0005,C0535,O00154,delay,email,medium,2024-08-31 05:56:00,resolved,1,16.18,2,39,south,consumer,2024-06-18 21:50:00,38.6,80.2,web,active,C0535,business,2024-08-20 05:56:00,12,north,airport,low,105.88,web,1
CP0006,C0096,O00147,delay,app,medium,2024-07-22 07:43:00,resolved,9,18.51,2,73,west,consumer,2024-07-18 07:52:00,31.8,58.2,unknown,active,C0096,retail,2024-07-12 07:43:00,6,north,west,critical,32.27,app,0
CP0007,C0597,O00981,missedpickup,app,medium,2025-01-15 21:57:00,escalated,4,14.14,2,74,north,consumer,2024-11-12 02:19:00,57.2,64.3,phone,active,C0597,medical,2025-01-11 21:57:00,24,airport,riverside,high,107.45,app,0
CP0008,C0309,O00902,appissue,email,high,2024-09-26 19:41:00,resolved,18,0.0,3,78,airport,sme,2024-03-23 01:59:00,29.0,72.8,app,active,C0309,parcel,2024-09-22 19:41:00,6,east,west,medium,70.09,app,0
CP0009,C0340,O00011,delay,app,low,2025-08-16 04:19:00,resolved,4,26.35,1,43,east,consumer,2025-03-18 09:54:00,34.7,26.3,app,active,C0340,parcel,2025-08-04 04:19:00,12,west,central,low,79.1,phone,0
CP0010,C0486,O00417,driverbehaviour,phone,medium,2025-01-13 15:33:00,open,1,6.32,2,50,west,enterprise,2025-01-08 14:49:00,52.5,76.4,app,active,C0486,retail,2025-01-10 15:33:00,4,south,riverside,low,113.56,,0
CP0011,C0618,O00437,delay,app,medium,2025-09-29 06:54:00,open,15,19.97,2,64,airport,consumer,2024-09-01 12:58:00,68.4,72.1,phone,active,C0618,retail,2025-09-25 06:54:00,4,airport,riverside,medium,98.88,app,0
CP0012,C0362,O00504,appissue,email,high,2024-09-20 22:57:00,resolved,12,33.8,3,55,ctr,consumer,2025-04-16 08:20:00,48.3,83.4,app,active,C0362,parcel,2024-09-20 22:57:00,2,ctr,east,low,47.18,app,0
CP0013,C0157,O00008,missedpickup,phone,medium,2024-04-08 17:54:00,resolved,8,15.77,2,50,central,consumer,2025-03-28 10:04:00,67.9,46.8,app,active,C0157,parcel,2024-04-03 17:54:00,4,riverside,riverside,medium,35.06,phone,0
CP0014,C0545,O00980,billing,chatbot,medium,2024-11-30 23:02:00,resolved,14,7.08,2,18,south,consumer,2024-07-05 12:10:00,66.9,72.4,app,active,C0545,parcel,2024-11-25 23:02:00,4,west,riverside,medium,510.06,app,0
CP0015,C0486,O00417,delay,chatbot,low,2025-01-18 15:33:00,open,4,0.0,1,50,west,enterprise,2025-01-08 14:49:00,52.5,76.4,app,active,C0486,retail,2025-01-10 15:33:00,4,south,riverside,low,113.56,,0
CP0016,C0234,O00013,missedpickup,app,medium,2024-03-30 22:11:00,resolved,10,0.0,2,71,north,consumer,2024-03-27 18:33:00,54.1,74.6,app,active,C0234,retail,2024-03-29 22:11:00,24,airport,central,medium,302.7,app,0
CP0017,C0346,O01181,delay,phone,medium,2024-03-06 23:10:00,resolved,1,1.16,2,46,airport,consumer,2024-09-11 03:14:00,62.9,98.5,app,dormant,C0346,retail,2024-02-23 23:10:00,6,west,east,high,95.57,app,0
CP0018,C0100,O01151,missedpickup,chatbot,medium,2024-07-05 12:48:00,resolved,1,9.39,2,34,ctr,consumer,2024-01-30 00:50:00,28.0,28.6,web,active,C0100,retail,2024-06-26 12:48:00,12,south,north,medium,94.09,app,0
CP0019,C0228,O00702,appissue,app,medium,2025-01-07 19:23:00,resolved,1,19.24,2,43,north,sme,2025-11-02 06:15:00,51.0,58.1,app,active,C0228,retail,2024-12-28 19:23:00,4,east,riverside,critical,77.66,app,0
CP0020,C0371,O01043,driverbehaviour,phone,high,2024-08-04 17:26:00,resolved,11,33.27,3,57,east,consumer,2025-01-14 07:31:00,28.5,74.9,app,active,C0371,retail,2024-07-31 17:26:00,12,central,riverside,medium,93.72,phone,1
CP0021,C0354,O00353,delay,chatbot,medium,2024-01-09 05:14:00,resolved,5,26.95,2,35,airport,consumer,2024-11-07 04:40:00,87.8,41.4,app,active,C0354,business,2024-01-03 05:14:00,4,west,airport,low,135.85,phone,0
CP0022,C0516,O00117,damage,chatbot,low,2024-06-18 09:38:00,awaitingcustomer,10,15.62,1,49,ctr,consumer,2025-03-11 12:42:00,88.9,50.3,web,active,C0516,passenger,2024-06-10 09:38:00,12,east,south,medium,87.81,phone,0
CP0023,C0193,O00953,driverbehaviour,app,low,2025-04-03 01:07:00,resolved,14,0.93,1,20,south,consumer,2024-02-14 16:45:00,84.0,62.1,app,active,C0193,parcel,2025-03-26 01:07:00,12,south,south,medium,3.57,app,0
CP0024,C0519,O00677,appissue,chatbot,medium,2024-03-11 05:19:00,escalated,9,0.0,2,64,east,enterprise,2024-01-04 19:31:00,56.4,56.2,phone,active,C0519,passenger,2024-03-04 05:19:00,4,east,west,high,79.31,web,0
CP0025,C0617,O00654,delay,app,medium,2025-06-19 21:03:00,resolved,4,11.64,2,59,north,enterprise,2025-02-02 10:38:00,56.5,83.6,app,active,C0617,parcel,2025-06-18 21:03:00,24,ctr,airport,high,47.22,app,0
CP0026,C0408,O00810,supportexperience,app,medium,2024-04-16 03:37:00,resolved,13,18.44,2,44,airport,consumer,2025-10-02 12:02:00,52.2,51.0,web,active,C0408,parcel,2024-04-16 03:37:00,12,north,south,high,129.12,app,0
CP0027,C0626,O00948,delay,email,low,2025-05-19 03:07:00,resolved,1,2.18,1,45,south,consumer,2025-08-01 05:09:00,61.6,6.0,phone,active,C0626,business,2025-05-14 03:07:00,6,north,west,low,60.77,app,0
CP0028,C0242,O00920,delay,phone,medium,2024-08-02 11:42:00,resolved,1,13.31,2,21,east,consumer,2025-12-18 16:08:00,83.8,48.9,web,active,C0242,passenger,2024-08-01 11:42:00,12,riverside,east,low,74.71,app,0
CP0029,C0477,O00715,missedpickup,chatbot,medium,2025-06-27 13:42:00,resolved,9,4.01,2,53,south,sme,2025-11-14 09:26:00,62.2,80.4,partner api,active,C0477,medical,2025-06-17 13:42:00,6,riverside,north,critical,125.92,app,0
CP0030,C0529,O00682,delay,email,high,2024-10-07 09:57:00,escalated,22,34.84,3,41,riverside,sme,2025-06-07 02:03:00,43.2,51.5,app,active,C0529,retail,2024-10-05 09:57:00,2,north,ctr,low,97.9,phone,0
CP0031,C0618,O00886,billing,phone,medium,2024-12-11 11:04:00,escalated,2,30.35,2,64,airport,consumer,2024-09-01 12:58:00,68.4,72.1,phone,active,C0618,passenger,2024-12-11 11:04:00,1,east,central,low,88.24,app,1
CP0032,C0185,O00051,billing,phone,medium,2025-02-14 23:39:00,resolved,7,7.09,2,40,south,consumer,2025-12-05 05:27:00,77.5,76.4,phone,suspended,C0185,business,2025-02-07 23:39:00,12,airport,east,critical,14.48,web,1
CP0033,C0489,O00848,missedpickup,app,medium,2025-06-13 14:13:00,resolved,8,34.92,2,49,south,consumer,2025-10-18 12:05:00,65.9,85.5,app,active,C0489,business,2025-06-03 14:13:00,6,north,south,high,27.71,,1
CP0034,C0070,O00105,driverbehaviour,app,medium,2024-07-13 20:33:00,awaitingcustomer,1,4.09,2,51,west,consumer,2024-03-04 06:04:00,77.1,75.9,app,active,C0070,passenger,2024-07-09 20:33:00,4,north,east,high,18.19,web,0
CP0035,C0206,O00650,delay,email,low,2025-10-03 10:28:00,resolved,5,0.0,1,60,south,sme,2025-10-27 13:42:00,50.3,72.9,app,active,C0206,parcel,2025-09-30 10:28:00,6,riverside,airport,low,39.65,app,0
CP0036,C0282,O00751,delay,app,medium,2024-07-08 00:51:00,awaitingcustomer,2,42.3,2,29,riverside,consumer,2024-04-02 04:47:00,71.4,75.6,web,active,C0282,business,2024-06-26 00:51:00,4,north,west,medium,152.61,phone,0
CP0037,C0561,O00270,missedpickup,chatbot,medium,2025-11-05 15:25:00,awaitingcustomer,18,7.33,2,65,east,consumer,2025-10-16 18:59:00,70.9,54.3,app,active,C0561,business,2025-10-26 15:25:00,4,west,central,medium,140.61,app,1
CP0038,C0562,O00175,delay,chatbot,medium,2025-12-19 19:13:00,resolved,1,19.48,2,56,west,consumer,2025-11-10 10:46:00,47.9,88.0,phone,active,C0562,business,2025-12-19 19:13:00,4,riverside,west,high,150.9,app,0
CP0039,C0231,O00797,delay,email,high,2025-03-28 04:08:00,resolved,14,24.39,3,28,central,sme,2025-02-13 18:02:00,69.4,18.9,app,active,C0231,passenger,2025-03-23 04:08:00,4,riverside,riverside,medium,47.39,app,1
CP0040,C0512,O00300,delay,email,high,2024-04-11 00:39:00,resolved,9,0.0,3,59,east,consumer,2025-02-03 19:29:00,38.5,70.2,web,active,C0512,retail,2024-04-02 00:39:00,4,riverside,south,low,33.34,app,1
CP0041,C0146,O00744,missedpickup,chatbot,medium,2025-04-27 03:30:00,open,9,30.4,2,20,north,consumer,2024-02-13 03:32:00,99.0,21.7,app,active,C0146,retail,2025-04-23 03:30:00,6,east,riverside,low,33.49,api,1
CP0042,C0361,O00094,supportexperience,email,medium,2024-10-06 03:41:00,resolved,4,26.2,2,65,south,consumer,2024-01-11 17:19:00,59.6,49.3,web,active,C0361,parcel,2024-09-27 03:41:00,6,airport,north,medium,62.08,phone,0
CP0043,C0497,O00411,appissue,app,medium,2025-04-16 21:05:00,resolved,11,15.35,2,65,north,consumer,2024-02-14 15:20:00,48.8,51.9,app,active,C0497,business,2025-04-08 21:05:00,4,central,central,medium,71.11,app,0
CP0044,C0549,O00838,missedpickup,email,high,2025-01-28 00:04:00,resolved,11,25.0,3,54,airport,consumer,2025-06-27 01:40:00,42.2,72.5,app,active,C0549,passenger,2025-01-25 00:04:00,6,ctr,central,low,48.73,web,0
CP0045,C0599,O00421,driverbehaviour,email,medium,2025-07-24 06:00:00,awaitingcustomer,6,8.74,2,40,north,consumer,2025-05-04 22:34:00,81.4,44.4,app,active,C0599,parcel,2025-07-23 06:00:00,24,riverside,east,medium,37.25,app,0
CP0046,C0269,O00573,missedpickup,email,high,2024-04-27 09:36:00,resolved,9,60.3,3,74,riverside,enterprise,2025-05-08 01:31:00,76.3,32.3,app,active,C0269,retail,2024-04-22 09:36:00,4,central,central,high,150.38,app,0
CP0047,C0012,O01157,appissue,phone,medium,2024-07-09 19:51:00,resolved,11,19.21,2,60,airport,consumer,2025-02-10 01:14:00,46.3,74.4,app,active,C0012,parcel,2024-07-08 19:51:00,1,riverside,east,high,123.37,web,0
CP0048,C0393,O00576,missedpickup,phone,high,2024-09-14 19:49:00,resolved,22,22.5,3,42,east,consumer,2025-06-21 23:29:00,57.6,53.8,app,active,C0393,retail,2024-09-06 19:49:00,6,south,south,medium,113.92,app,0
CP0049,C0146,O00126,driverbehaviour,email,medium,2024-05-27 09:04:00,resolved,4,19.76,2,20,north,consumer,2024-02-13 03:32:00,99.0,21.7,app,active,C0146,parcel,2024-05-26 09:04:00,12,airport,south,medium,55.22,web,0
CP0050,C0163,O00955,driverbehaviour,phone,high,2025-01-11 14:30:00,resolved,14,37.36,3,55,riverside,sme,2024-09-16 04:29:00,56.2,58.2,app,active,C0163,passenger,2025-01-04 14:30:00,4,central,west,low,50.43,,0
CP0051,C0274,O00863,appissue,phone,medium,2025-09-22 18:41:00,resolved,2,3.9,2,66,riverside,sme,2025-04-22 14:49:00,66.0,68.3,phone,active,C0274,passenger,2025-09-17 18:41:00,12,riverside,west,low,29.36,phone,0
CP0052,C0157,O00115,supportexperience,app,low,2024-02-25 06:31:00,escalated,3,0.0,1,50,central,consumer,2025-03-28 10:04:00,67.9,46.8,app,active,C0157,passenger,2024-02-21 06:31:00,6,east,north,high,256.93,web,0
CP0053,C0543,O01236,supportexperience,phone,high,2025-05-29 22:57:00,resolved,13,26.07,3,20,riverside,consumer,2025-06-02 07:20:00,47.0,54.7,app,dormant,C0543,business,2025-05-29 22:57:00,12,south,airport,low,156.71,app,0
CP0054,C0224,O00453,delay,app,medium,2024-12-07 12:49:00,resolved,1,36.38,2,63,north,sme,2024-02-05 09:13:00,50.9,35.5,web,active,C0224,retail,2024-12-04 12:49:00,6,south,west,medium,27.48,phone,0
CP0055,C0186,O00836,missedpickup,chatbot,high,2025-09-23 16:20:00,resolved,14,60.3,3,56,east,consumer,2024-03-15 08:01:00,57.5,57.8,phone,dormant,C0186,passenger,2025-09-22 16:20:00,6,south,north,low,45.9,app,1
CP0056,C0368,O00737,delay,email,low,2024-03-20 03:53:00,open,9,7.02,1,23,north,consumer,2025-05-25 21:41:00,49.5,92.7,phone,active,C0368,retail,2024-03-14 03:53:00,2,central,central,medium,117.82,web,1
CP0057,C0191,O00125,delay,app,medium,2025-09-23 16:27:00,resolved,5,24.91,2,27,north,consumer,2024-12-13 17:26:00,58.9,34.1,web,active,C0191,retail,2025-09-17 16:27:00,24,west,south,medium,70.05,app,0
CP0058,C0271,O00056,supportexperience,app,medium,2025-10-09 20:28:00,escalated,1,10.06,2,66,east,consumer,2025-12-09 06:43:00,65.1,15.5,web,active,C0271,parcel,2025-10-05 20:28:00,4,south,central,high,160.35,web,0
CP0059,C0351,O00603,delay,email,high,2024-03-04 23:29:00,resolved,11,59.75,3,66,central,enterprise,2024-02-10 00:50:00,48.6,49.9,app,active,C0351,parcel,2024-02-24 23:29:00,24,west,riverside,medium,66.39,app,0
CP0060,C0490,O00869,missedpickup,app,low,2024-03-05 05:39:00,resolved,4,0.0,1,78,central,consumer,2025-08-09 19:59:00,44.0,48.3,web,active,C0490,parcel,2024-02-26 05:39:00,4,central,riverside,medium,59.8,app,1
CP0061,C0545,O00980,driverbehaviour,phone,medium,2024-12-07 23:02:00,awaitingcustomer,11,52.16,2,18,south,consumer,2024-07-05 12:10:00,66.9,72.4,app,active,C0545,parcel,2024-11-25 23:02:00,4,west,riverside,medium,510.06,app,0
CP0062,C0162,O00367,delay,email,low,2025-07-16 09:35:00,resolved,14,0.0,1,61,airport,enterprise,2025-11-07 11:09:00,63.7,76.9,web,suspended,C0162,passenger,2025-07-11 09:35:00,4,south,north,high,46.71,phone,0
CP0063,C0164,O01219,billing,app,high,2025-06-28 09:52:00,escalated,10,51.86,3,78,west,consumer,2024-08-12 23:06:00,70.9,60.8,app,active,C0164,passenger,2025-06-20 09:52:00,4,north,riverside,high,81.91,api,0
CP0064,C0215,O00311,appissue,chatbot,high,2024-11-30 00:06:00,resolved,5,47.81,3,67,north,sme,2024-09-18 13:10:00,64.4,51.4,app,active,C0215,medical,2024-11-27 00:06:00,12,central,south,high,167.59,phone,0
CP0065,C0162,O00367,appissue,email,low,2025-07-23 09:35:00,resolved,5,18.74,1,61,airport,enterprise,2025-11-07 11:09:00,63.7,76.9,web,suspended,C0162,passenger,2025-07-11 09:35:00,4,south,north,high,46.71,phone,0
CP0066,C0552,O00741,appissue,email,medium,2025-06-11 01:28:00,resolved,10,25.09,2,41,north,consumer,2024-04-17 08:34:00,62.4,68.2,app,active,C0552,retail,2025-05-30 01:28:00,6,airport,north,low,72.44,app,1
CP0067,C0599,O00954,missedpickup,app,low,2024-07-22 02:17:00,resolved,6,0.0,1,40,north,consumer,2025-05-04 22:34:00,81.4,44.4,app,active,C0599,passenger,2024-07-14 02:17:00,4,south,south,critical,62.7,web,0
CP0068,C0166,O00743,damage,app,low,2024-02-13 01:34:00,resolved,10,0.0,1,66,airport,consumer,2025-11-14 07:10:00,62.4,54.7,unknown,active,C0166,retail,2024-02-03 01:34:00,2,east,south,medium,92.51,web,0
CP0069,C0583,O00163,delay,chatbot,medium,2025-06-20 18:36:00,resolved,4,35.96,2,23,airport,consumer,2024-12-24 19:41:00,84.2,66.2,app,dormant,C0583,parcel,2025-06-09 18:36:00,4,central,north,low,67.97,phone,1
CP0070,C0255,O00206,delay,phone,medium,2025-12-20 14:25:00,escalated,7,28.5,2,38,north,consumer,2025-05-30 17:05:00,51.9,40.9,phone,active,C0255,parcel,2025-12-10 14:25:00,4,south,east,low,20.86,app,1
CP0071,C0092,O00870,delay,chatbot,medium,2024-11-05 14:16:00,awaitingcustomer,10,17.48,2,49,riverside,consumer,2024-06-20 11:49:00,56.1,33.1,web,active,C0092,passenger,2024-10-27 14:16:00,12,south,airport,high,144.13,web,0
CP0072,C0495,O00581,billing,app,medium,2025-12-10 05:52:00,open,9,20.18,2,20,ctr,consumer,2025-01-27 15:48:00,65.3,33.3,app,dormant,C0495,passenger,2025-12-09 05:52:00,12,north,south,low,138.33,app,0
CP0073,C0331,O00073,delay,app,medium,2025-04-07 04:59:00,awaitingcustomer,12,0.0,2,58,riverside,consumer,2025-02-26 12:26:00,52.0,34.8,app,active,C0331,passenger,2025-03-31 04:59:00,4,ctr,south,high,30.82,app,0
CP0074,C0475,O00268,delay,chatbot,high,2024-01-30 06:20:00,resolved,7,0.0,3,47,central,consumer,2024-06-16 12:44:00,81.9,37.5,app,active,C0475,medical,2024-01-29 06:20:00,4,west,west,medium,71.4,app,1
CP0075,C0071,O00974,delay,phone,low,2025-06-22 00:41:00,resolved,1,7.08,1,59,airport,consumer,2024-08-01 14:10:00,49.3,81.7,phone,active,C0071,retail,2025-06-11 00:41:00,4,east,riverside,medium,74.02,app,0
CP0076,C0028,O00290,missedpickup,chatbot,low,2024-09-26 22:30:00,open,15,0.0,1,22,ctr,consumer,2024-11-03 16:31:00,78.5,79.6,app,active,C0028,medical,2024-09-21 22:30:00,2,central,west,high,54.76,app,0
CP0077,C0573,O00031,billing,email,high,2024-11-02 03:17:00,resolved,13,58.46,3,47,airport,sme,2025-02-27 18:19:00,57.3,74.4,app,active,C0573,passenger,2024-10-25 03:17:00,24,east,airport,medium,55.14,app,0
CP0078,C0261,O01162,appissue,email,low,2025-06-09 10:51:00,awaitingcustomer,1,18.23,1,39,riverside,consumer,2025-01-26 02:30:00,52.4,87.7,web,active,C0261,passenger,2025-06-09 10:51:00,2,riverside,east,medium,89.31,api,0
CP0079,C0498,O00475,delay,chatbot,medium,2024-11-11 06:08:00,resolved,1,0.0,2,73,west,enterprise,2024-02-24 19:59:00,73.4,45.1,app,active,C0498,passenger,2024-11-08 06:08:00,24,central,west,high,156.78,app,0
CP0080,C0201,O00789,driverbehaviour,app,medium,2024-12-20 10:30:00,resolved,6,18.79,2,49,ctr,consumer,2024-01-19 08:02:00,69.2,59.8,app,active,C0201,business,2024-12-11 10:30:00,6,central,riverside,high,163.0,app,1
CP0081,C0051,O01085,delay,app,medium,2024-06-25 08:05:00,open,1,19.53,2,37,east,consumer,2025-04-04 12:35:00,49.3,53.8,app,active,C0051,medical,2024-06-15 08:05:00,6,central,west,high,150.85,app,0
CP0082,C0578,O00515,delay,app,medium,2024-02-06 10:24:00,escalated,7,10.81,2,63,ctr,sme,2024-06-01 14:06:00,74.1,46.0,app,active,C0578,retail,2024-02-03 10:24:00,6,north,north,medium,65.74,phone,0
CP0083,C0586,O00098,driverbehaviour,email,medium,2024-04-03 20:18:00,escalated,5,3.16,2,47,central,consumer,2024-09-11 05:57:00,87.4,66.2,app,active,C0586,passenger,2024-04-03 20:18:00,1,north,south,medium,79.53,phone,0
CP0084,C0647,O00272,driverbehaviour,chatbot,medium,2024-12-16 05:03:00,resolved,9,27.67,2,42,east,consumer,2024-10-16 01:45:00,59.6,76.1,app,active,C0647,retail,2024-12-11 05:03:00,24,riverside,central,medium,55.63,app,0
CP0085,C0622,O00190,delay,phone,low,2025-01-05 06:44:00,escalated,17,18.19,1,22,riverside,consumer,2024-01-28 13:46:00,54.2,26.8,phone,dormant,C0622,parcel,2024-12-28 06:44:00,1,south,north,medium,31.72,phone,0
CP0086,C0627,O00496,supportexperience,phone,medium,2024-06-25 15:14:00,resolved,7,33.83,2,54,airport,consumer,2024-02-03 00:07:00,53.8,57.9,phone,active,C0627,passenger,2024-06-17 15:14:00,4,south,airport,critical,117.66,app,0
CP0087,C0321,O01020,missedpickup,phone,low,2024-11-03 02:18:00,resolved,6,13.46,1,51,south,consumer,2024-07-31 16:57:00,99.0,70.3,partner api,active,C0321,retail,2024-10-23 02:18:00,2,airport,south,high,77.64,app,0
CP0088,C0180,O00285,driverbehaviour,phone,high,2025-01-13 13:22:00,resolved,10,14.63,3,64,west,consumer,2025-11-23 08:25:00,50.3,58.9,phone,active,C0180,business,2025-01-05 13:22:00,4,north,north,high,106.65,app,0
CP0089,C0296,O01224,appissue,email,low,2024-06-12 12:40:00,resolved,11,0.0,1,28,north,enterprise,2024-07-19 22:00:00,41.9,57.3,phone,active,C0296,passenger,2024-06-10 12:40:00,4,riverside,central,low,136.16,app,0
CP0090,C0123,O00333,missedpickup,phone,medium,2025-04-06 05:27:00,resolved,6,24.95,2,56,south,sme,2025-07-15 17:08:00,76.8,40.6,app,active,C0123,medical,2025-03-25 05:27:00,6,east,central,medium,71.97,app,0
CP0091,C0331,O00652,delay,phone,medium,2024-11-13 21:45:00,resolved,4,0.0,2,58,riverside,consumer,2025-02-26 12:26:00,52.0,34.8,app,active,C0331,retail,2024-11-08 21:45:00,4,south,west,medium,35.54,app,0
CP0092,C0031,O00263,driverbehaviour,email,high,2024-03-02 02:04:00,escalated,12,46.65,3,35,south,consumer,2024-04-30 16:26:00,42.5,44.0,web,active,C0031,parcel,2024-02-19 02:04:00,2,west,central,low,63.35,app,0
CP0093,C0436,O00832,delay,app,medium,2024-06-11 14:01:00,resolved,2,16.98,2,20,riverside,sme,2024-08-27 04:26:00,42.5,57.0,app,active,C0436,parcel,2024-06-06 14:01:00,6,central,airport,low,99.75,app,1
CP0094,C0426,O00400,billing,chatbot,low,2025-07-01 06:33:00,resolved,12,10.94,1,25,riverside,sme,2025-01-05 19:05:00,49.0,47.1,app,dormant,C0426,retail,2025-06-20 06:33:00,6,north,east,high,145.15,web,1
CP0095,C0649,O01240,appissue,chatbot,high,2025-10-11 14:51:00,resolved,12,34.13,3,75,central,enterprise,2025-09-08 16:30:00,42.1,34.4,app,active,C0649,passenger,2025-10-08 14:51:00,2,east,east,high,178.86,phone,0
CP0096,C0001,O00007,appissue,app,high,2024-05-12 21:32:00,resolved,22,43.9,3,26,north,sme,2024-11-27 04:25:00,44.9,69.2,app,active,C0001,business,2024-05-05 21:32:00,2,central,airport,low,76.12,app,0
CP0097,C0282,O01227,driverbehaviour,app,medium,2024-11-07 10:32:00,escalated,15,27.94,2,29,riverside,consumer,2024-04-02 04:47:00,71.4,75.6,web,active,C0282,medical,2024-11-05 10:32:00,2,ctr,north,high,95.27,phone,0
CP0098,C0482,O00335,missedpickup,app,medium,2024-01-31 03:09:00,resolved,18,31.16,2,73,riverside,enterprise,2025-02-04 23:25:00,74.8,54.1,web,active,C0482,passenger,2024-01-26 03:09:00,24,north,airport,high,227.61,api,1
CP0099,C0110,O00574,appissue,email,medium,2024-05-04 02:42:00,awaitingcustomer,14,11.53,2,63,east,consumer,2025-10-20 02:53:00,59.6,59.4,phone,active,C0110,retail,2024-05-03 02:42:00,6,riverside,north,medium,59.99,app,0
CP0100,C0078,O00476,damage,phone,high,2024-02-28 06:34:00,awaitingcustomer,25,42.71,3,40,east,consumer,2024-06-01 20:16:00,35.2,24.6,phone,active,C0078,passenger,2024-02-23 06:34:00,24,west,east,low,89.17,app,0
CP0101,C0119,O00511,driverbehaviour,phone,medium,2024-06-17 09:58:00,resolved,8,0.0,2,65,central,sme,2024-06-03 18:57:00,46.2,54.0,web,dormant,C0119,parcel,2024-06-06 09:58:00,24,west,west,high,150.89,api,0
CP0102,C0095,O00843,delay,chatbot,medium,2024-03-08 21:34:00,resolved,6,14.27,2,23,south,sme,2024-08-16 19:51:00,50.8,61.7,app,suspended,C0095,medical,2024-02-25 21:34:00,12,north,riverside,critical,84.18,phone,1
CP0103,C0378,O00443,appissue,chatbot,low,2025-10-23 00:06:00,resolved,11,11.6,1,38,riverside,consumer,2024-07-17 07:29:00,26.2,77.3,app,active,C0378,parcel,2025-10-20 00:06:00,12,north,riverside,medium,63.8,app,1
CP0104,C0257,O00602,appissue,app,medium,2025-12-15 09:57:00,resolved,1,0.0,2,34,west,consumer,2025-04-30 08:51:00,55.0,93.1,app,active,C0257,passenger,2025-12-11 09:57:00,6,ctr,airport,medium,127.09,web,0
CP0105,C0538,O00129,missedpickup,chatbot,medium,2024-12-19 02:28:00,resolved,10,30.85,2,28,central,enterprise,2024-09-15 05:20:00,84.5,44.3,app,dormant,C0538,retail,2024-12-12 02:28:00,12,central,north,high,63.08,phone,0
CP0106,C0595,O00145,appissue,chatbot,medium,2024-11-10 10:33:00,resolved,6,11.23,2,72,central,consumer,2025-10-18 13:52:00,48.3,26.0,phone,active,C0595,business,2024-11-02 10:33:00,12,north,riverside,medium,35.95,app,0
CP0107,C0396,O01024,delay,email,high,2025-12-23 16:37:00,escalated,7,33.22,3,76,riverside,consumer,2025-03-29 05:06:00,67.2,85.0,app,active,C0396,passenger,2025-12-23 16:37:00,4,north,west,low,129.76,app,0
CP0108,C0595,O00561,delay,chatbot,medium,2025-06-02 08:23:00,resolved,1,13.57,2,72,central,consumer,2025-10-18 13:52:00,48.3,26.0,phone,active,C0595,retail,2025-06-02 08:23:00,4,central,airport,high,86.87,app,0
CP0109,C0626,O00314,missedpickup,email,high,2025-02-22 21:55:00,resolved,9,34.05,3,45,south,consumer,2025-08-01 05:09:00,61.6,6.0,phone,active,C0626,medical,2025-02-15 21:55:00,6,east,east,high,39.37,web,0
CP0110,C0564,O00950,appissue,phone,medium,2025-05-29 02:25:00,awaitingcustomer,8,12.12,2,64,east,consumer,2024-08-14 04:18:00,48.6,72.0,web,active,C0564,passenger,2025-05-18 02:25:00,24,south,airport,medium,82.99,phone,0
CP0111,C0051,O00112,appissue,chatbot,medium,2024-09-17 07:03:00,resolved,5,12.4,2,37,east,consumer,2025-04-04 12:35:00,49.3,53.8,app,active,C0051,passenger,2024-09-16 07:03:00,2,central,west,medium,86.44,app,0
CP0112,C0421,O00586,missedpickup,app,high,2024-04-09 07:09:00,awaitingcustomer,7,45.85,3,34,central,consumer,2025-03-16 15:08:00,59.0,51.4,app,active,C0421,parcel,2024-03-31 07:09:00,12,central,west,critical,31.49,,0
CP0113,C0174,O00227,missedpickup,app,low,2025-08-13 20:06:00,resolved,5,5.7,1,74,north,consumer,2025-06-13 19:18:00,93.5,100.0,app,active,C0174,business,2025-08-08 20:06:00,4,airport,north,medium,21.79,app,0
CP0114,C0480,O01104,missedpickup,phone,medium,2024-09-27 16:27:00,open,5,0.0,2,26,north,enterprise,2025-03-02 00:55:00,67.6,49.6,app,dormant,C0480,parcel,2024-09-21 16:27:00,12,east,riverside,low,55.13,web,0
CP0115,C0369,O00709,missedpickup,phone,medium,2025-12-14 03:49:00,open,1,32.02,2,42,west,consumer,2025-03-06 02:16:00,47.6,40.7,app,active,C0369,medical,2025-12-09 03:49:00,12,north,airport,critical,49.66,app,0
CP0116,C0287,O00178,damage,app,low,2024-03-31 19:55:00,escalated,3,18.49,1,46,ctr,consumer,2024-08-24 15:57:00,55.4,10.5,web,active,C0287,medical,2024-03-30 19:55:00,4,east,south,low,55.9,app,0
CP0117,C0560,O00831,delay,phone,high,2025-03-07 08:02:00,resolved,11,35.62,3,29,north,sme,2025-06-12 08:19:00,59.0,56.2,web,active,C0560,business,2025-02-27 08:02:00,4,riverside,central,medium,130.28,app,0
CP0118,C0272,O00541,delay,chatbot,low,2024-11-11 02:46:00,awaitingcustomer,3,10.75,1,57,north,consumer,2025-05-16 09:45:00,52.2,24.9,app,active,C0272,retail,2024-11-01 02:46:00,4,west,east,low,126.42,app,0
CP0119,C0142,O00795,delay,email,medium,2025-06-22 13:49:00,awaitingcustomer,12,0.0,2,29,south,consumer,2024-11-29 21:33:00,47.0,61.7,app,active,C0142,retail,2025-06-15 13:49:00,2,riverside,central,medium,42.52,app,0
CP0120,C0558,O00005,missedpickup,phone,medium,2025-02-25 19:32:00,resolved,8,54.41,2,23,south,consumer,2024-06-29 19:47:00,64.3,38.5,phone,active,C0558,retail,2025-02-17 19:32:00,12,riverside,south,low,125.58,phone,0
CP0121,C0421,O00219,billing,phone,medium,2024-06-05 23:42:00,resolved,9,27.42,2,34,central,consumer,2025-03-16 15:08:00,59.0,51.4,app,active,C0421,passenger,2024-05-29 23:42:00,2,east,south,medium,62.84,app,0
CP0122,C0619,O00919,appissue,email,high,2025-02-09 07:06:00,awaitingcustomer,9,35.13,3,48,north,consumer,2025-10-07 22:42:00,47.2,56.1,app,active,C0619,retail,2025-02-01 07:06:00,4,riverside,north,low,229.93,app,0
CP0123,C0361,O01222,driverbehaviour,app,high,2025-09-20 01:14:00,resolved,23,33.77,3,65,south,consumer,2024-01-11 17:19:00,59.6,49.3,web,active,C0361,retail,2025-09-10 01:14:00,12,north,east,critical,105.79,phone,0
CP0124,C0077,O00023,supportexperience,phone,low,2025-10-16 04:59:00,resolved,7,0.0,1,59,north,sme,2024-07-31 19:24:00,61.7,29.0,web,active,C0077,passenger,2025-10-05 04:59:00,4,north,north,medium,122.25,app,0
CP0125,C0647,O01036,appissue,app,low,2024-03-06 19:43:00,resolved,2,3.4,1,42,east,consumer,2024-10-16 01:45:00,59.6,76.1,app,active,C0647,medical,2024-02-28 19:43:00,4,central,north,low,66.82,app,1
CP0126,C0093,O00369,delay,app,medium,2024-10-04 12:27:00,open,15,12.62,2,48,north,consumer,2024-08-16 17:34:00,41.2,56.3,app,active,C0093,business,2024-10-02 12:27:00,6,ctr,riverside,medium,70.75,phone,0
CP0127,C0368,O00737,appissue,app,medium,2024-03-17 03:53:00,resolved,6,1.15,2,23,north,consumer,2025-05-25 21:41:00,49.5,92.7,phone,active,C0368,retail,2024-03-14 03:53:00,2,central,central,medium,117.82,web,1
CP0128,C0142,O00795,missedpickup,email,medium,2025-06-17 13:49:00,escalated,6,16.5,2,29,south,consumer,2024-11-29 21:33:00,47.0,61.7,app,active,C0142,retail,2025-06-15 13:49:00,2,riverside,central,medium,42.52,app,0
CP0129,C0476,O00686,delay,phone,medium,2025-01-13 12:20:00,resolved,4,21.23,2,59,north,consumer,2024-10-04 13:18:00,66.0,69.6,app,active,C0476,retail,2025-01-05 12:20:00,6,east,south,medium,72.67,web,0
CP0130,C0581,O00618,delay,email,high,2025-11-27 10:42:00,awaitingcustomer,12,24.38,3,78,north,consumer,2024-09-27 00:03:00,48.1,68.4,app,dormant,C0581,parcel,2025-11-19 10:42:00,12,central,south,medium,41.64,app,0
CP0131,C0583,O00452,delay,email,high,2025-12-09 09:35:00,open,14,32.48,3,23,airport,consumer,2024-12-24 19:41:00,84.2,66.2,app,dormant,C0583,passenger,2025-11-27 09:35:00,2,central,central,medium,56.63,phone,1
CP0132,C0552,O00368,appissue,phone,high,2024-12-10 22:26:00,resolved,6,41.06,3,41,north,consumer,2024-04-17 08:34:00,62.4,68.2,app,active,C0552,business,2024-12-04 22:26:00,4,central,north,high,89.38,app,1
CP0133,C0480,O01104,delay,app,high,2024-09-21 16:27:00,open,15,38.76,3,26,north,enterprise,2025-03-02 00:55:00,67.6,49.6,app,dormant,C0480,parcel,2024-09-21 16:27:00,12,east,riverside,low,55.13,web,0
CP0134,C0325,O00167,delay,phone,low,2024-04-29 20:46:00,resolved,6,21.16,1,37,south,consumer,2025-07-14 06:15:00,49.4,34.4,app,active,C0325,medical,2024-04-27 20:46:00,24,east,east,medium,24.78,api,0
CP0135,C0610,O00782,delay,app,medium,2024-04-28 01:47:00,escalated,12,21.82,2,55,south,consumer,2025-12-03 16:16:00,65.3,73.5,app,active,C0610,passenger,2024-04-17 01:47:00,2,south,south,medium,37.19,web,0
CP0136,C0412,O00711,delay,chatbot,low,2024-12-15 12:25:00,resolved,3,0.0,1,70,airport,consumer,2025-09-12 10:23:00,70.3,29.9,app,active,C0412,passenger,2024-12-15 12:25:00,2,south,south,high,69.11,web,0
CP0137,C0549,O00838,driverbehaviour,app,medium,2025-02-04 00:04:00,resolved,1,14.08,2,54,airport,consumer,2025-06-27 01:40:00,42.2,72.5,app,active,C0549,passenger,2025-01-25 00:04:00,6,ctr,central,low,48.73,web,0
CP0138,C0400,O00296,damage,phone,high,2024-01-18 17:30:00,escalated,6,31.84,3,33,riverside,consumer,2024-07-31 12:22:00,73.4,46.7,partner api,active,C0400,retail,2024-01-10 17:30:00,6,south,north,medium,10.85,app,0
CP0139,C0368,O00750,supportexperience,phone,high,2024-02-05 07:49:00,resolved,16,46.47,3,23,north,consumer,2025-05-25 21:41:00,49.5,92.7,phone,active,C0368,retail,2024-02-01 07:49:00,6,north,south,low,62.8,phone,1
CP0140,C0177,O00062,missedpickup,email,high,2025-08-01 08:11:00,resolved,11,61.45,3,39,east,consumer,2024-09-28 08:02:00,67.0,43.4,app,suspended,C0177,passenger,2025-07-26 08:11:00,4,west,airport,medium,45.44,web,0
CP0141,C0591,O01046,driverbehaviour,app,medium,2026-01-07 11:24:00,resolved,6,11.71,2,60,west,enterprise,2025-09-19 17:42:00,59.6,35.8,app,active,C0591,retail,2025-12-26 11:24:00,24,south,east,high,169.64,phone,0
CP0142,C0476,O00087,appissue,chatbot,low,2024-11-19 14:07:00,resolved,3,8.27,1,59,north,consumer,2024-10-04 13:18:00,66.0,69.6,app,active,C0476,business,2024-11-12 14:07:00,4,south,north,critical,56.73,phone,0
CP0143,C0508,O00717,supportexperience,phone,medium,2024-12-18 21:04:00,open,3,16.43,2,76,east,consumer,2024-09-09 23:52:00,64.2,66.0,app,active,C0508,retail,2024-12-12 21:04:00,4,east,south,low,72.1,web,0
CP0144,C0078,O01121,delay,chatbot,high,2024-06-14 05:59:00,resolved,10,58.9,3,40,east,consumer,2024-06-01 20:16:00,35.2,24.6,phone,active,C0078,retail,2024-06-03 05:59:00,12,central,south,high,73.49,app,0
CP0145,C0436,O01065,appissue,email,low,2024-07-25 11:49:00,resolved,3,21.27,1,20,riverside,sme,2024-08-27 04:26:00,42.5,57.0,app,active,C0436,parcel,2024-07-20 11:49:00,4,south,south,medium,35.51,web,1
CP0146,C0001,O00666,delay,phone,medium,2025-09-01 20:17:00,resolved,4,0.0,2,26,north,sme,2024-11-27 04:25:00,44.9,69.2,app,active,C0001,parcel,2025-08-26 20:17:00,24,airport,central,low,185.32,app,0
CP0147,C0383,O01172,driverbehaviour,phone,high,2024-09-29 19:02:00,open,15,33.52,3,70,west,consumer,2025-11-12 01:38:00,59.6,84.0,app,active,C0383,medical,2024-09-17 19:02:00,4,north,riverside,medium,111.98,phone,0
CP0148,C0189,O01232,damage,phone,medium,2024-01-22 20:35:00,escalated,9,11.0,2,48,riverside,consumer,2024-08-15 02:16:00,76.6,41.1,app,active,C0189,passenger,2024-01-18 20:35:00,6,west,east,medium,55.4,app,1
CP0149,C0550,O00425,appissue,phone,medium,2024-11-27 08:15:00,resolved,10,38.03,2,39,north,consumer,2025-01-03 14:35:00,89.4,52.4,app,active,C0550,passenger,2024-11-27 08:15:00,4,airport,east,high,78.8,web,0
CP0150,C0546,O00458,damage,app,high,2025-04-18 01:52:00,escalated,16,15.85,3,67,riverside,consumer,2025-10-13 08:43:00,70.1,22.0,web,active,C0546,parcel,2025-04-10 01:52:00,12,ctr,east,high,87.24,api,0
CP0151,C0574,O00729,missedpickup,phone,medium,2026-01-02 22:24:00,resolved,1,0.0,2,54,south,sme,2025-08-26 04:13:00,76.4,57.9,app,active,C0574,parcel,2025-12-22 22:24:00,6,east,east,medium,51.28,app,0
CP0152,C0023,O01101,delay,app,low,2024-01-16 06:59:00,resolved,14,27.41,1,52,south,consumer,2025-06-28 13:49:00,73.1,45.2,web,active,C0023,parcel,2024-01-14 06:59:00,6,riverside,north,medium,38.39,phone,1
CP0153,C0119,O00511,driverbehaviour,chatbot,medium,2024-06-18 09:58:00,resolved,8,20.06,2,65,central,sme,2024-06-03 18:57:00,46.2,54.0,web,dormant,C0119,parcel,2024-06-06 09:58:00,24,west,west,high,150.89,api,0
CP0154,C0630,O00282,delay,app,medium,2024-01-28 04:13:00,open,7,0.0,2,57,central,enterprise,2025-12-18 00:01:00,62.3,100.0,web,active,C0630,parcel,2024-01-20 04:13:00,6,south,west,medium,207.38,web,0
CP0155,C0613,O00999,appissue,email,medium,2024-07-05 10:26:00,escalated,6,18.06,2,40,north,consumer,2025-06-03 00:10:00,45.5,60.7,app,suspended,C0613,retail,2024-06-30 10:26:00,24,riverside,south,high,170.69,web,1
CP0156,C0372,O00943,appissue,chatbot,medium,2025-05-01 08:55:00,resolved,1,0.0,2,34,west,consumer,2024-02-04 22:21:00,26.2,59.4,phone,active,C0372,passenger,2025-04-28 08:55:00,4,north,west,low,157.16,api,1
CP0157,C0169,O00998,appissue,app,low,2024-12-06 01:26:00,awaitingcustomer,2,31.26,1,77,north,consumer,2024-07-19 11:20:00,59.6,69.6,app,dormant,C0169,parcel,2024-11-25 01:26:00,6,north,south,medium,23.86,phone,1
CP0158,C0110,O01131,delay,app,low,2024-08-20 14:20:00,resolved,2,0.0,1,63,east,consumer,2025-10-20 02:53:00,59.6,59.4,phone,active,C0110,medical,2024-08-15 14:20:00,4,airport,north,low,150.77,app,1
CP0159,C0372,O00348,delay,app,high,2025-03-16 22:06:00,escalated,15,34.82,3,34,west,consumer,2024-02-04 22:21:00,26.2,59.4,phone,active,C0372,parcel,2025-03-16 22:06:00,2,north,south,high,58.25,web,0
CP0160,C0248,O01134,delay,phone,medium,2025-04-12 23:59:00,awaitingcustomer,9,25.69,2,59,central,consumer,2025-10-14 11:06:00,71.1,39.9,app,active,C0248,retail,2025-04-02 23:59:00,4,central,south,low,87.01,app,0
CP0161,C0107,O01080,billing,email,high,2025-05-01 10:04:00,open,9,46.94,3,64,airport,consumer,2024-07-28 15:39:00,46.2,43.1,phone,dormant,C0107,passenger,2025-04-26 10:04:00,1,ctr,north,high,65.57,app,1
CP0162,C0138,O00801,missedpickup,phone,medium,2024-04-02 14:49:00,awaitingcustomer,6,22.27,2,74,south,consumer,2024-07-06 19:00:00,93.2,90.8,web,active,C0138,retail,2024-03-29 14:49:00,6,south,north,medium,111.28,app,0
CP0163,C0326,O00045,billing,app,medium,2024-02-19 18:38:00,open,3,11.17,2,60,west,consumer,2024-04-02 05:21:00,64.6,47.3,unknown,active,C0326,parcel,2024-02-13 18:38:00,6,south,airport,critical,56.64,,0
CP0164,C0062,O00468,delay,chatbot,medium,2024-04-01 10:24:00,resolved,13,3.0,2,33,central,consumer,2025-09-16 18:20:00,55.5,63.7,web,active,C0062,retail,2024-03-29 10:24:00,2,east,south,medium,22.82,app,0
CP0165,C0161,O00003,appissue,phone,medium,2025-09-07 14:37:00,open,2,8.66,2,42,north,consumer,2024-06-07 22:41:00,87.1,36.6,app,active,C0161,passenger,2025-09-02 14:37:00,4,west,airport,high,33.5,phone,0
CP0166,C0465,O00910,driverbehaviour,phone,medium,2025-08-01 03:46:00,open,11,18.57,2,65,airport,consumer,2025-09-05 23:41:00,82.4,63.5,app,active,C0465,business,2025-07-24 03:46:00,6,north,north,medium,159.86,app,0
CP0167,C0578,O00837,damage,chatbot,low,2024-04-26 16:50:00,resolved,1,11.75,1,63,ctr,sme,2024-06-01 14:06:00,74.1,46.0,app,active,C0578,parcel,2024-04-18 16:50:00,24,east,west,low,35.47,app,0
CP0168,C0628,O00752,driverbehaviour,email,medium,2025-06-01 08:27:00,resolved,10,30.4,2,75,north,consumer,2024-04-19 19:59:00,60.0,63.2,web,dormant,C0628,retail,2025-05-31 08:27:00,2,riverside,central,medium,119.26,web,0
CP0169,C0419,O00879,missedpickup,app,medium,2025-07-08 00:21:00,resolved,9,11.78,2,58,central,consumer,2025-05-01 22:29:00,30.9,77.9,app,active,C0419,medical,2025-07-04 00:21:00,4,south,west,low,123.72,app,0
CP0170,C0242,O00512,driverbehaviour,app,high,2024-10-01 10:35:00,resolved,16,54.34,3,21,east,consumer,2025-12-18 16:08:00,83.8,48.9,web,active,C0242,parcel,2024-09-21 10:35:00,4,north,central,critical,10.74,app,0
CP0171,C0020,O00880,appissue,phone,medium,2024-08-30 17:56:00,escalated,14,18.37,2,67,north,sme,2025-07-14 22:04:00,55.5,60.8,app,active,C0020,parcel,2024-08-24 17:56:00,24,south,north,low,51.19,app,1
CP0172,C0629,O00216,delay,app,low,2025-05-20 10:14:00,resolved,11,0.0,1,67,east,sme,2024-06-14 11:09:00,99.0,36.8,partner api,active,C0629,retail,2025-05-10 10:14:00,4,north,west,critical,220.83,,0
CP0173,C0212,O00544,delay,app,medium,2024-06-25 19:25:00,resolved,3,52.43,2,27,riverside,consumer,2024-05-23 12:22:00,70.7,100.0,web,dormant,C0212,retail,2024-06-14 19:25:00,24,central,west,low,53.15,phone,0
CP0174,C0116,O00594,driverbehaviour,chatbot,high,2024-03-16 19:40:00,open,9,0.0,3,64,riverside,consumer,2025-02-09 14:25:00,65.6,55.5,web,active,C0116,retail,2024-03-11 19:40:00,4,central,east,medium,149.86,app,1
CP0175,C0317,O00551,damage,phone,low,2024-06-19 11:10:00,escalated,11,11.99,1,19,south,consumer,2025-11-02 07:19:00,65.2,86.0,app,dormant,C0317,retail,2024-06-16 11:10:00,6,ctr,east,high,82.67,phone,0
CP0176,C0073,O00309,delay,chatbot,medium,2025-10-20 11:57:00,resolved,6,36.04,2,48,east,consumer,2024-02-23 03:00:00,55.7,52.9,phone,active,C0073,parcel,2025-10-13 11:57:00,1,south,airport,medium,175.54,phone,0
CP0177,C0046,O00839,delay,chatbot,low,2024-02-09 17:41:00,resolved,2,14.06,1,72,ctr,sme,2024-06-21 19:07:00,84.8,38.5,app,active,C0046,parcel,2024-01-31 17:41:00,6,riverside,west,low,229.63,app,0
CP0178,C0279,O01244,delay,phone,high,2025-03-14 06:32:00,resolved,10,0.0,3,75,south,consumer,2025-06-02 14:17:00,62.8,52.6,web,active,C0279,passenger,2025-03-06 06:32:00,24,airport,north,high,58.93,phone,0
CP0179,C0509,O00441,appissue,app,low,2025-04-12 12:25:00,resolved,1,16.17,1,77,west,consumer,2024-07-16 01:56:00,59.6,68.5,web,dormant,C0509,passenger,2025-04-01 12:25:00,12,east,central,critical,77.58,app,0
CP0180,C0485,O00378,damage,chatbot,high,2024-04-07 19:50:00,escalated,18,38.34,3,41,riverside,sme,2024-04-02 12:36:00,52.4,27.0,app,active,C0485,retail,2024-03-29 19:50:00,6,north,north,high,172.56,web,1
CP0181,C0384,O00965,supportexperience,chatbot,medium,2024-10-04 14:59:00,open,3,31.97,2,24,riverside,consumer,2024-05-29 12:03:00,67.4,53.4,web,active,C0384,passenger,2024-09-28 14:59:00,6,east,north,low,76.97,web,0
CP0182,C0012,O01157,appissue,phone,low,2024-07-09 19:51:00,open,12,15.45,1,60,airport,consumer,2025-02-10 01:14:00,46.3,74.4,app,active,C0012,parcel,2024-07-08 19:51:00,1,riverside,east,high,123.37,web,0
CP0183,C0122,O00259,supportexperience,chatbot,medium,2025-09-13 09:55:00,escalated,4,20.4,2,40,central,consumer,2025-11-04 11:09:00,74.2,49.8,web,active,C0122,retail,2025-09-09 09:55:00,24,south,east,high,172.55,app,1
CP0184,C0025,O00161,missedpickup,phone,medium,2024-08-20 17:36:00,open,3,19.47,2,23,riverside,consumer,2025-04-09 11:19:00,55.5,52.8,app,active,C0025,parcel,2024-08-19 17:36:00,12,south,airport,high,123.09,phone,0
CP0185,C0100,O01151,missedpickup,email,medium,2024-07-03 12:48:00,resolved,6,5.59,2,34,ctr,consumer,2024-01-30 00:50:00,28.0,28.6,web,active,C0100,retail,2024-06-26 12:48:00,12,south,north,medium,94.09,app,0
CP0186,C0391,O00817,delay,app,medium,2026-01-02 07:45:00,awaitingcustomer,13,13.55,2,64,west,consumer,2024-06-18 10:12:00,84.1,81.3,app,active,C0391,retail,2025-12-31 07:45:00,2,north,south,low,208.48,phone,0
CP0187,C0259,O00351,delay,email,low,2024-04-27 03:31:00,escalated,10,1.93,1,43,central,consumer,2024-07-29 07:47:00,78.3,42.2,app,dormant,C0259,parcel,2024-04-22 03:31:00,1,airport,west,medium,20.77,web,1
CP0188,C0139,O00404,billing,phone,low,2025-10-19 20:55:00,resolved,7,8.19,1,60,central,sme,2024-06-02 05:09:00,51.7,71.5,app,active,C0139,passenger,2025-10-17 20:55:00,1,south,airport,medium,213.39,phone,0
CP0189,C0517,O00166,delay,chatbot,medium,2025-06-08 17:32:00,resolved,9,19.84,2,66,riverside,consumer,2025-01-11 14:32:00,38.5,65.7,app,active,C0517,passenger,2025-05-30 17:32:00,4,east,south,medium,76.66,app,0
CP0190,C0138,O00801,damage,app,low,2024-03-31 14:49:00,awaitingcustomer,6,7.16,1,74,south,consumer,2024-07-06 19:00:00,93.2,90.8,web,active,C0138,retail,2024-03-29 14:49:00,6,south,north,medium,111.28,app,0
CP0191,C0358,O00840,delay,phone,medium,2024-04-07 16:35:00,open,11,14.02,2,22,south,consumer,2024-11-03 16:37:00,38.7,69.7,web,active,C0358,passenger,2024-03-28 16:35:00,6,south,east,medium,142.01,web,0
CP0192,C0032,O00440,appissue,email,medium,2024-12-15 02:05:00,resolved,2,18.72,2,69,west,consumer,2024-06-17 10:09:00,85.0,40.5,phone,dormant,C0032,passenger,2024-12-03 02:05:00,12,east,east,high,56.81,app,0
CP0193,C0612,O00467,delay,phone,medium,2024-10-13 16:16:00,awaitingcustomer,1,15.83,2,53,central,consumer,2024-08-10 02:56:00,82.3,74.0,app,active,C0612,passenger,2024-10-08 16:16:00,2,north,south,high,193.9,web,0
CP0194,C0172,O00330,missedpickup,app,medium,2025-04-11 06:37:00,resolved,1,6.47,2,28,north,consumer,2025-04-14 14:45:00,75.4,67.4,unknown,active,C0172,medical,2025-04-08 06:37:00,1,west,riverside,medium,49.61,web,0
CP0195,C0110,O01131,delay,phone,high,2024-08-18 14:20:00,open,8,32.61,3,63,east,consumer,2025-10-20 02:53:00,59.6,59.4,phone,active,C0110,medical,2024-08-15 14:20:00,4,airport,north,low,150.77,app,1
CP0196,C0505,O01135,damage,phone,medium,2024-11-20 19:03:00,resolved,12,22.87,2,36,north,consumer,2024-08-11 01:25:00,51.9,100.0,phone,active,C0505,parcel,2024-11-18 19:03:00,4,west,west,high,103.41,web,0
CP0197,C0611,O00128,delay,phone,medium,2026-01-04 13:56:00,awaitingcustomer,9,0.0,2,43,airport,consumer,2024-10-29 20:59:00,37.2,61.2,partner api,active,C0611,medical,2025-12-28 13:56:00,24,airport,airport,medium,136.66,app,0
CP0198,C0621,O00609,delay,phone,medium,2024-09-17 07:15:00,resolved,2,8.38,2,78,central,consumer,2025-06-27 22:00:00,55.3,63.1,app,active,C0621,parcel,2024-09-15 07:15:00,12,east,east,low,71.86,app,0
CP0199,C0180,O01018,driverbehaviour,app,high,2024-03-04 13:58:00,awaitingcustomer,13,25.05,3,64,west,consumer,2025-11-23 08:25:00,50.3,58.9,phone,active,C0180,parcel,2024-02-22 13:58:00,12,west,airport,medium,98.9,app,0
CP0200,C0256,O00267,driverbehaviour,phone,medium,2024-01-28 20:20:00,awaitingcustomer,1,8.85,2,58,ctr,sme,2025-11-06 16:04:00,45.7,46.7,phone,active,C0256,parcel,2024-01-16 20:20:00,6,airport,north,low,98.71,app,0
CP0201,C0168,O00485,delay,chatbot,medium,2024-12-01 01:17:00,resolved,13,24.03,2,70,riverside,consumer,2025-02-17 10:26:00,54.3,69.4,web,active,C0168,passenger,2024-11-27 01:17:00,1,north,ctr,high,95.19,api,0
CP0202,C0422,O00529,missedpickup,phone,medium,2025-08-21 17:48:00,resolved,7,6.73,2,71,riverside,consumer,2025-05-23 05:00:00,77.3,70.9,web,active,C0422,retail,2025-08-20 17:48:00,4,east,airport,medium,355.62,app,0
CP0203,C0279,O01030,driverbehaviour,phone,medium,2025-09-10 08:36:00,resolved,4,12.46,2,75,south,consumer,2025-06-02 14:17:00,62.8,52.6,web,active,C0279,parcel,2025-08-29 08:36:00,6,ctr,west,high,186.34,web,1
CP0204,C0140,O00720,delay,chatbot,medium,2024-08-30 18:27:00,open,4,0.0,2,21,airport,consumer,2025-04-29 19:46:00,80.0,87.2,partner api,active,C0140,business,2024-08-29 18:27:00,2,airport,airport,high,111.88,app,0
CP0205,C0104,O01005,missedpickup,app,medium,2025-05-11 17:35:00,awaitingcustomer,5,20.67,2,39,east,consumer,2024-12-23 11:05:00,66.2,28.6,app,active,C0104,business,2025-05-01 17:35:00,12,riverside,south,high,127.67,app,0
CP0206,C0627,O01119,driverbehaviour,app,medium,2024-04-08 09:03:00,resolved,1,13.45,2,54,airport,consumer,2024-02-03 00:07:00,53.8,57.9,phone,active,C0627,medical,2024-04-01 09:03:00,6,ctr,north,medium,47.89,phone,0
CP0207,C0173,O00792,appissue,email,low,2025-02-08 06:22:00,awaitingcustomer,12,0.0,1,76,riverside,consumer,2024-01-19 12:21:00,78.5,49.1,app,suspended,C0173,retail,2025-02-02 06:22:00,4,riverside,south,medium,156.57,app,0
CP0208,C0510,O01125,appissue,phone,high,2025-06-26 11:43:00,awaitingcustomer,20,26.22,3,42,west,consumer,2025-07-29 21:02:00,67.4,49.0,app,active,C0510,parcel,2025-06-17 11:43:00,12,west,central,low,47.38,phone,0
CP0209,C0447,O00171,missedpickup,email,low,2025-05-08 02:08:00,escalated,7,9.0,1,42,north,consumer,2024-03-07 12:16:00,28.5,43.4,app,active,C0447,parcel,2025-05-01 02:08:00,1,airport,airport,critical,63.41,app,0
CP0210,C0335,O00229,missedpickup,chatbot,medium,2024-09-11 04:43:00,resolved,10,28.12,2,33,north,sme,2025-08-11 11:08:00,45.3,34.6,app,active,C0335,passenger,2024-08-31 04:43:00,6,central,riverside,medium,33.48,app,0
CP0211,C0191,O00125,delay,app,low,2025-09-18 16:27:00,resolved,11,13.79,1,27,north,consumer,2024-12-13 17:26:00,58.9,34.1,web,active,C0191,retail,2025-09-17 16:27:00,24,west,south,medium,70.05,app,0
CP0212,C0095,O01064,missedpickup,app,medium,2025-12-27 18:49:00,resolved,3,19.18,2,23,south,sme,2024-08-16 19:51:00,50.8,61.7,app,suspended,C0095,passenger,2025-12-22 18:49:00,12,central,airport,medium,48.29,app,1
CP0213,C0368,O00629,delay,email,medium,2024-10-11 05:44:00,awaitingcustomer,3,22.87,2,23,north,consumer,2025-05-25 21:41:00,49.5,92.7,phone,active,C0368,retail,2024-10-04 05:44:00,6,riverside,south,low,55.3,app,1
CP0214,C0145,O00048,missedpickup,app,high,2024-11-27 06:49:00,resolved,12,61.85,3,34,airport,consumer,2024-09-11 06:17:00,99.0,30.6,unknown,active,C0145,medical,2024-11-22 06:49:00,4,riverside,north,low,43.37,app,0
CP0215,C0533,O00927,supportexperience,chatbot,high,2025-05-17 03:53:00,resolved,15,29.11,3,35,south,consumer,2025-12-10 03:12:00,46.9,65.4,app,active,C0533,medical,2025-05-07 03:53:00,6,north,west,medium,76.32,app,0
CP0216,C0084,O00644,delay,app,medium,2025-11-04 08:47:00,resolved,4,32.45,2,33,airport,consumer,2024-12-16 23:16:00,55.8,61.9,web,active,C0084,business,2025-11-03 08:47:00,6,east,airport,high,6.28,app,0
CP0217,C0571,O00941,driverbehaviour,phone,medium,2024-08-18 12:54:00,resolved,1,6.19,2,33,south,consumer,2024-11-07 03:33:00,44.1,36.5,phone,active,C0571,passenger,2024-08-12 12:54:00,1,west,west,high,110.52,web,0
CP0218,C0171,O01039,missedpickup,app,medium,2025-05-13 10:43:00,resolved,7,19.7,2,47,south,consumer,2024-01-20 10:35:00,82.4,81.9,phone,active,C0171,passenger,2025-05-01 10:43:00,6,west,riverside,low,84.17,app,1
CP0219,C0232,O00540,delay,phone,medium,2024-07-03 03:50:00,resolved,6,22.23,2,45,south,sme,2025-02-07 00:19:00,27.7,70.8,app,active,C0232,retail,2024-07-02 03:50:00,4,east,west,high,142.72,web,0
CP0220,C0097,O00254,appissue,email,low,2024-09-25 17:01:00,awaitingcustomer,1,8.94,1,46,airport,sme,2025-02-14 23:51:00,55.6,39.2,web,active,C0097,parcel,2024-09-20 17:01:00,4,north,west,medium,115.81,app,0
CP0221,C0032,O01034,delay,email,low,2025-06-24 08:43:00,resolved,11,8.34,1,69,west,consumer,2024-06-17 10:09:00,85.0,40.5,phone,dormant,C0032,business,2025-06-20 08:43:00,24,east,south,medium,9.2,web,0
CP0222,C0282,O00751,delay,email,low,2024-07-01 00:51:00,resolved,4,4.39,1,29,riverside,consumer,2024-04-02 04:47:00,71.4,75.6,web,active,C0282,business,2024-06-26 00:51:00,4,north,west,medium,152.61,phone,0
CP0223,C0529,O01136,delay,app,low,2024-04-25 14:05:00,resolved,6,2.44,1,41,riverside,sme,2025-06-07 02:03:00,43.2,51.5,app,active,C0529,retail,2024-04-17 14:05:00,1,ctr,north,low,123.74,,1
CP0224,C0564,O00950,delay,chatbot,low,2025-05-22 02:25:00,resolved,14,25.81,1,64,east,consumer,2024-08-14 04:18:00,48.6,72.0,web,active,C0564,passenger,2025-05-18 02:25:00,24,south,airport,medium,82.99,phone,0
CP0225,C0531,O00082,missedpickup,phone,medium,2024-07-30 03:44:00,open,11,20.66,2,74,central,sme,2024-05-19 00:54:00,46.7,66.5,partner api,dormant,C0531,retail,2024-07-30 03:44:00,12,central,west,medium,36.55,app,0
CP0226,C0292,O01129,delay,chatbot,low,2025-03-26 15:04:00,resolved,1,6.68,1,24,south,consumer,2025-03-02 11:24:00,73.2,57.9,app,active,C0292,medical,2025-03-23 15:04:00,6,north,airport,low,139.29,app,0
CP0227,C0026,O00621,driverbehaviour,phone,medium,2025-05-17 19:01:00,resolved,8,9.16,2,34,north,enterprise,2024-09-11 05:44:00,70.6,74.8,phone,active,C0026,parcel,2025-05-15 19:01:00,12,airport,airport,medium,103.8,app,0
CP0228,C0242,O00920,delay,email,medium,2024-08-02 11:42:00,open,8,8.1,2,21,east,consumer,2025-12-18 16:08:00,83.8,48.9,web,active,C0242,passenger,2024-08-01 11:42:00,12,riverside,east,low,74.71,app,0
CP0229,C0272,O00541,missedpickup,chatbot,low,2024-11-11 02:46:00,escalated,11,4.1,1,57,north,consumer,2025-05-16 09:45:00,52.2,24.9,app,active,C0272,retail,2024-11-01 02:46:00,4,west,east,low,126.42,app,0
CP0230,C0054,O00445,appissue,app,low,2025-04-26 22:53:00,open,12,0.0,1,75,west,consumer,2025-12-24 13:22:00,42.4,26.8,web,active,C0054,passenger,2025-04-18 22:53:00,2,south,riverside,high,68.98,app,0
CP0231,C0639,O00774,missedpickup,phone,low,2025-09-22 23:01:00,open,1,20.06,1,22,east,consumer,2024-04-24 01:02:00,54.4,62.5,app,active,C0639,parcel,2025-09-19 23:01:00,12,ctr,north,high,34.69,web,1
CP0232,C0539,O00520,delay,email,low,2024-07-12 13:21:00,resolved,7,8.32,1,21,south,consumer,2025-09-20 08:57:00,49.0,45.8,web,dormant,C0539,passenger,2024-07-07 13:21:00,2,central,airport,low,36.42,app,0
CP0233,C0339,O00884,missedpickup,email,medium,2024-04-24 01:52:00,resolved,3,10.05,2,27,south,consumer,2025-02-13 20:28:00,46.6,66.6,app,active,C0339,parcel,2024-04-17 01:52:00,6,central,west,medium,16.66,web,0
CP0234,C0140,O00720,billing,app,high,2024-08-31 18:27:00,resolved,16,52.03,3,21,airport,consumer,2025-04-29 19:46:00,80.0,87.2,partner api,active,C0140,business,2024-08-29 18:27:00,2,airport,airport,high,111.88,app,0
CP0235,C0611,O00632,delay,chatbot,medium,2024-08-09 21:40:00,resolved,3,32.8,2,43,airport,consumer,2024-10-29 20:59:00,37.2,61.2,partner api,active,C0611,passenger,2024-08-09 21:40:00,1,central,central,high,33.21,web,1
CP0236,C0029,O00430,appissue,phone,medium,2025-01-17 01:45:00,resolved,11,7.71,2,44,central,consumer,2024-12-17 23:28:00,57.0,85.2,app,active,C0029,retail,2025-01-15 01:45:00,12,central,south,medium,40.49,api,0
CP0237,C0508,O01171,driverbehaviour,app,medium,2024-12-21 00:50:00,resolved,8,14.83,2,76,east,consumer,2024-09-09 23:52:00,64.2,66.0,app,active,C0508,passenger,2024-12-18 00:50:00,6,riverside,ctr,medium,52.73,web,0
CP0238,C0014,O00731,missedpickup,phone,medium,2024-03-14 19:38:00,open,3,36.85,2,62,north,consumer,2024-05-16 09:26:00,94.1,81.0,app,active,C0014,passenger,2024-03-09 19:38:00,2,east,central,high,38.48,web,0
CP0239,C0213,O00931,missedpickup,app,high,2024-03-11 09:00:00,resolved,20,27.41,3,53,east,consumer,2024-02-25 04:00:00,94.2,53.3,app,active,C0213,parcel,2024-03-07 09:00:00,4,north,north,high,70.8,app,0
CP0240,C0428,O00220,driverbehaviour,chatbot,medium,2024-05-31 08:24:00,open,7,0.0,2,66,riverside,sme,2024-06-12 07:26:00,52.9,60.7,app,active,C0428,medical,2024-05-27 08:24:00,6,central,west,low,136.63,phone,0
CP0241,C0351,O00989,delay,phone,high,2024-03-17 12:01:00,resolved,14,42.27,3,66,central,enterprise,2024-02-10 00:50:00,48.6,49.9,app,active,C0351,medical,2024-03-08 12:01:00,1,north,central,medium,89.8,api,0
CP0242,C0345,O01211,appissue,chatbot,low,2025-11-18 07:13:00,open,7,2.97,1,18,north,consumer,2025-06-24 14:28:00,93.5,56.9,web,active,C0345,medical,2025-11-12 07:13:00,24,south,south,medium,17.36,api,0
CP0243,C0390,O00736,driverbehaviour,chatbot,medium,2024-01-26 22:33:00,escalated,3,23.87,2,51,ctr,consumer,2024-04-25 02:59:00,66.5,52.9,app,active,C0390,parcel,2024-01-24 22:33:00,12,central,east,medium,78.13,app,0
CP0244,C0575,O01168,missedpickup,chatbot,low,2024-12-21 21:12:00,open,1,6.72,1,25,riverside,consumer,2025-01-10 19:53:00,77.2,72.1,web,active,C0575,passenger,2024-12-15 21:12:00,12,airport,central,medium,30.78,web,1
CP0245,C0646,O00385,appissue,phone,high,2025-11-02 15:32:00,resolved,17,16.36,3,64,south,sme,2024-12-25 08:59:00,71.4,32.6,app,active,C0646,passenger,2025-10-24 15:32:00,4,riverside,riverside,medium,226.69,phone,0
CP0246,C0343,O00307,driverbehaviour,email,medium,2025-01-04 22:15:00,resolved,3,15.88,2,75,central,consumer,2025-04-29 18:31:00,58.3,71.3,web,active,C0343,parcel,2024-12-25 22:15:00,4,east,riverside,low,73.14,app,0
CP0247,C0269,O00573,appissue,email,medium,2024-04-30 09:36:00,resolved,3,14.92,2,74,riverside,enterprise,2025-05-08 01:31:00,76.3,32.3,app,active,C0269,retail,2024-04-22 09:36:00,4,central,central,high,150.38,app,0
CP0248,C0452,O00116,billing,phone,low,2025-03-16 15:46:00,open,5,1.45,1,70,south,consumer,2025-05-01 07:53:00,61.4,69.4,app,active,C0452,passenger,2025-03-09 15:46:00,4,north,airport,low,56.59,api,0
CP0249,C0074,O00824,driverbehaviour,email,low,2024-08-21 20:47:00,open,5,10.32,1,40,west,sme,2025-08-03 04:34:00,41.6,30.2,app,active,C0074,retail,2024-08-17 20:47:00,12,south,east,medium,271.33,web,0
CP0250,C0626,O00948,delay,email,medium,2025-05-17 03:07:00,escalated,1,0.0,2,45,south,consumer,2025-08-01 05:09:00,61.6,6.0,phone,active,C0626,business,2025-05-14 03:07:00,6,north,west,low,60.77,app,0
CP0251,C0399,O00169,delay,chatbot,low,2025-12-04 12:34:00,resolved,4,0.0,1,61,east,sme,2024-05-06 17:48:00,93.0,54.8,phone,active,C0399,retail,2025-12-03 12:34:00,4,east,north,medium,84.09,app,1
CP0252,C0142,O00795,missedpickup,email,high,2025-06-19 13:49:00,resolved,13,42.64,3,29,south,consumer,2024-11-29 21:33:00,47.0,61.7,app,active,C0142,retail,2025-06-15 13:49:00,2,riverside,central,medium,42.52,app,0
CP0253,C0567,O00012,appissue,app,medium,2024-01-25 12:45:00,resolved,13,22.73,2,74,east,consumer,2024-02-18 04:31:00,79.7,64.9,app,active,C0567,business,2024-01-16 12:45:00,12,east,airport,medium,135.67,app,0
CP0254,C0072,O00626,supportexperience,chatbot,low,2025-01-06 12:54:00,awaitingcustomer,1,7.49,1,61,north,sme,2024-04-22 10:38:00,48.2,88.9,app,active,C0072,parcel,2024-12-28 12:54:00,4,north,north,medium,24.6,web,1
CP0255,C0004,O01153,delay,phone,low,2025-01-18 03:57:00,escalated,3,0.0,1,75,central,consumer,2025-08-19 01:58:00,32.5,33.0,app,active,C0004,business,2025-01-06 03:57:00,2,ctr,airport,high,59.44,app,0
CP0256,C0191,O00125,appissue,app,medium,2025-09-21 16:27:00,resolved,3,24.06,2,27,north,consumer,2024-12-13 17:26:00,58.9,34.1,web,active,C0191,retail,2025-09-17 16:27:00,24,west,south,medium,70.05,app,0
CP0257,C0381,O00271,driverbehaviour,phone,low,2025-09-25 21:51:00,open,2,10.53,1,55,ctr,consumer,2025-05-22 19:11:00,74.4,44.3,app,active,C0381,passenger,2025-09-16 21:51:00,4,west,ctr,critical,192.54,app,0
CP0258,C0013,O00531,supportexperience,app,medium,2025-05-06 08:49:00,open,16,9.98,2,30,east,enterprise,2024-02-17 17:54:00,31.3,51.7,app,active,C0013,business,2025-04-26 08:49:00,24,airport,airport,high,157.07,app,0
CP0259,C0545,O00959,appissue,app,medium,2024-08-13 18:39:00,awaitingcustomer,12,14.36,2,18,south,consumer,2024-07-05 12:10:00,66.9,72.4,app,active,C0545,medical,2024-08-09 18:39:00,12,airport,south,low,88.7,phone,1
CP0260,C0250,O00231,missedpickup,chatbot,high,2024-12-15 23:23:00,resolved,5,24.73,3,58,west,sme,2024-02-21 20:01:00,59.6,63.6,app,suspended,C0250,passenger,2024-12-15 23:23:00,6,east,south,low,69.44,,0
CP0261,C0566,O00249,appissue,email,high,2024-11-10 18:22:00,open,18,47.09,3,21,central,consumer,2025-03-03 16:23:00,75.4,43.2,app,active,C0566,business,2024-11-07 18:22:00,2,central,west,critical,218.68,app,0
CP0262,C0491,O00438,appissue,chatbot,low,2026-01-06 18:23:00,resolved,8,29.25,1,60,ctr,consumer,2025-01-14 23:32:00,48.6,57.6,web,active,C0491,business,2025-12-29 18:23:00,4,north,west,low,27.39,phone,0
CP0263,C0561,O00270,delay,phone,medium,2025-11-07 15:25:00,awaitingcustomer,3,27.52,2,65,east,consumer,2025-10-16 18:59:00,70.9,54.3,app,active,C0561,business,2025-10-26 15:25:00,4,west,central,medium,140.61,app,1
CP0264,C0054,O01063,missedpickup,email,medium,2024-08-01 20:15:00,escalated,1,12.41,2,75,west,consumer,2025-12-24 13:22:00,42.4,26.8,web,active,C0054,retail,2024-07-27 20:15:00,12,east,riverside,medium,47.11,app,1
CP0265,C0115,O00336,driverbehaviour,chatbot,low,2024-01-10 04:58:00,escalated,7,14.36,1,38,airport,consumer,2025-10-13 10:05:00,69.8,98.5,web,active,C0115,retail,2024-01-10 04:58:00,6,west,ctr,critical,108.38,app,0
CP0266,C0544,O00050,damage,app,high,2024-03-30 13:44:00,open,15,38.9,3,72,north,consumer,2025-01-16 01:12:00,52.1,44.0,app,active,C0544,passenger,2024-03-29 13:44:00,1,north,ctr,low,33.93,app,0
CP0267,C0521,O00111,driverbehaviour,app,medium,2025-07-25 11:53:00,awaitingcustomer,3,15.26,2,47,ctr,consumer,2025-09-25 14:53:00,62.3,59.6,phone,active,C0521,retail,2025-07-18 11:53:00,24,east,central,medium,52.06,web,0
CP0268,C0445,O00675,appissue,app,medium,2024-02-27 17:22:00,open,14,37.15,2,26,riverside,sme,2024-08-29 04:18:00,60.6,55.1,app,active,C0445,business,2024-02-19 17:22:00,24,riverside,north,low,47.44,app,0
CP0269,C0172,O00330,supportexperience,email,medium,2025-04-20 06:37:00,resolved,3,17.96,2,28,north,consumer,2025-04-14 14:45:00,75.4,67.4,unknown,active,C0172,medical,2025-04-08 06:37:00,1,west,riverside,medium,49.61,web,0
CP0270,C0208,O00636,billing,email,medium,2024-06-30 07:22:00,resolved,6,23.97,2,48,central,enterprise,2025-02-06 16:19:00,74.5,67.0,phone,dormant,C0208,medical,2024-06-20 07:22:00,4,west,north,medium,134.63,app,1
CP0271,C0573,O00393,delay,chatbot,high,2025-10-08 17:42:00,resolved,18,33.09,3,47,airport,sme,2025-02-27 18:19:00,57.3,74.4,app,active,C0573,parcel,2025-10-05 17:42:00,4,central,east,low,64.93,web,0
CP0272,C0208,O00771,delay,app,medium,2025-07-29 22:53:00,resolved,10,12.97,2,48,central,enterprise,2025-02-06 16:19:00,74.5,67.0,phone,dormant,C0208,passenger,2025-07-27 22:53:00,6,east,west,high,32.94,app,0
CP0273,C0010,O00481,delay,phone,medium,2025-04-20 22:35:00,resolved,10,15.73,2,23,west,consumer,2025-10-07 20:37:00,87.2,48.6,phone,active,C0010,retail,2025-04-12 22:35:00,1,south,west,medium,10.74,api,1
CP0274,C0622,O00190,supportexperience,app,medium,2025-01-01 06:44:00,awaitingcustomer,7,0.0,2,22,riverside,consumer,2024-01-28 13:46:00,54.2,26.8,phone,dormant,C0622,parcel,2024-12-28 06:44:00,1,south,north,medium,31.72,phone,0
CP0275,C0109,O00071,missedpickup,app,medium,2024-09-03 22:15:00,awaitingcustomer,10,18.13,2,78,north,consumer,2025-10-30 11:51:00,52.7,25.4,app,dormant,C0109,medical,2024-08-31 22:15:00,1,north,south,low,157.58,phone,0
CP0276,C0015,O01124,appissue,phone,high,2024-05-14 16:45:00,resolved,12,19.46,3,37,south,sme,2024-05-27 17:07:00,54.5,52.8,phone,active,C0015,business,2024-05-02 16:45:00,4,riverside,south,high,148.02,app,1
CP0277,C0444,O01088,missedpickup,app,high,2024-12-05 10:32:00,awaitingcustomer,7,46.17,3,67,ctr,consumer,2024-09-10 05:15:00,80.5,70.1,web,active,C0444,parcel,2024-12-02 10:32:00,6,north,west,medium,49.16,web,1
CP0278,C0285,O00483,missedpickup,phone,medium,2024-11-27 00:34:00,escalated,7,12.14,2,45,riverside,consumer,2025-10-08 16:17:00,27.9,18.0,phone,active,C0285,business,2024-11-17 00:34:00,1,riverside,north,medium,117.11,phone,0
CP0279,C0573,O00031,billing,app,medium,2024-10-27 03:17:00,resolved,1,19.87,2,47,airport,sme,2025-02-27 18:19:00,57.3,74.4,app,active,C0573,passenger,2024-10-25 03:17:00,24,east,airport,medium,55.14,app,0
CP0280,C0369,O00753,driverbehaviour,email,medium,2025-01-18 02:40:00,resolved,6,3.44,2,42,west,consumer,2025-03-06 02:16:00,47.6,40.7,app,active,C0369,parcel,2025-01-18 02:40:00,2,airport,riverside,high,176.31,web,0
CP0281,C0510,O01125,missedpickup,chatbot,high,2025-06-25 11:43:00,resolved,11,44.57,3,42,west,consumer,2025-07-29 21:02:00,67.4,49.0,app,active,C0510,parcel,2025-06-17 11:43:00,12,west,central,low,47.38,phone,0
CP0282,C0335,O00601,driverbehaviour,email,medium,2025-06-03 04:16:00,escalated,4,18.1,2,33,north,sme,2025-08-11 11:08:00,45.3,34.6,app,active,C0335,retail,2025-05-23 04:16:00,6,north,south,low,49.24,phone,0
CP0283,C0252,O00401,driverbehaviour,email,high,2024-06-30 11:15:00,open,11,61.11,3,38,north,consumer,2024-09-07 15:16:00,71.3,30.9,app,active,C0252,medical,2024-06-22 11:15:00,24,east,airport,low,28.61,web,0
CP0284,C0211,O00545,appissue,phone,medium,2025-04-22 01:02:00,resolved,9,32.59,2,29,riverside,enterprise,2025-12-24 23:40:00,72.1,50.9,web,active,C0211,parcel,2025-04-17 01:02:00,24,central,north,low,100.18,web,0
CP0285,C0172,O00773,missedpickup,app,high,2024-01-25 23:46:00,resolved,12,37.06,3,28,north,consumer,2025-04-14 14:45:00,75.4,67.4,unknown,active,C0172,parcel,2024-01-24 23:46:00,4,north,south,medium,114.02,app,0
CP0286,C0015,O00873,driverbehaviour,app,high,2024-12-05 12:06:00,resolved,10,0.0,3,37,south,sme,2024-05-27 17:07:00,54.5,52.8,phone,active,C0015,parcel,2024-11-28 12:06:00,6,north,south,high,106.49,,0
CP0287,C0405,O00971,driverbehaviour,phone,high,2025-12-27 15:30:00,open,20,0.0,3,51,riverside,consumer,2025-01-07 23:57:00,69.9,87.4,app,active,C0405,parcel,2025-12-21 15:30:00,6,central,south,high,14.62,app,0
CP0288,C0459,O01202,delay,phone,medium,2024-11-14 15:24:00,escalated,5,20.75,2,20,west,consumer,2024-09-23 21:00:00,56.1,62.6,app,dormant,C0459,retail,2024-11-14 15:24:00,6,east,north,medium,65.73,phone,0
CP0289,C0532,O01012,missedpickup,app,medium,2025-03-14 05:05:00,resolved,1,25.56,2,73,south,consumer,2024-03-08 19:46:00,76.5,51.4,phone,active,C0532,retail,2025-03-08 05:05:00,1,riverside,ctr,critical,99.1,app,0
CP0290,C0259,O00351,supportexperience,app,medium,2024-05-03 03:31:00,resolved,6,18.82,2,43,central,consumer,2024-07-29 07:47:00,78.3,42.2,app,dormant,C0259,parcel,2024-04-22 03:31:00,1,airport,west,medium,20.77,web,1
CP0291,C0515,O00588,supportexperience,phone,medium,2024-06-11 11:49:00,awaitingcustomer,7,20.04,2,38,riverside,consumer,2024-11-11 18:15:00,74.0,73.9,phone,active,C0515,passenger,2024-06-03 11:49:00,4,airport,airport,low,236.46,web,0
CP0292,C0187,O00765,missedpickup,phone,low,2024-07-21 03:25:00,open,11,15.26,1,47,east,sme,2025-10-11 02:51:00,59.6,59.3,web,active,C0187,retail,2024-07-13 03:25:00,12,ctr,west,medium,60.26,app,1
CP0293,C0449,O00202,driverbehaviour,phone,medium,2024-02-02 01:04:00,resolved,3,28.0,2,67,east,enterprise,2024-08-24 20:51:00,65.1,74.6,app,active,C0449,passenger,2024-02-02 01:04:00,1,south,west,low,20.68,web,0
CP0294,C0339,O00089,appissue,phone,high,2025-04-30 18:23:00,open,19,39.64,3,27,south,consumer,2025-02-13 20:28:00,46.6,66.6,app,active,C0339,medical,2025-04-24 18:23:00,6,south,north,high,52.58,web,1
CP0295,C0182,O01107,billing,email,medium,2024-01-30 07:32:00,open,1,4.94,2,21,east,enterprise,2025-06-11 18:31:00,47.2,58.2,app,dormant,C0182,business,2024-01-25 07:32:00,12,airport,central,medium,282.35,app,0
CP0296,C0243,O00041,missedpickup,phone,medium,2024-09-17 13:42:00,resolved,1,6.59,2,31,riverside,consumer,2025-06-20 16:36:00,63.0,85.8,phone,suspended,C0243,retail,2024-09-17 13:42:00,12,riverside,west,low,19.15,app,0
CP0297,C0571,O00776,delay,app,low,2025-03-07 00:53:00,resolved,6,5.67,1,33,south,consumer,2024-11-07 03:33:00,44.1,36.5,phone,active,C0571,parcel,2025-03-03 00:53:00,4,riverside,east,low,108.49,phone,0
CP0298,C0285,O00483,delay,app,medium,2024-11-19 00:34:00,escalated,1,16.85,2,45,riverside,consumer,2025-10-08 16:17:00,27.9,18.0,phone,active,C0285,business,2024-11-17 00:34:00,1,riverside,north,medium,117.11,phone,0
CP0299,C0178,O00326,delay,app,high,2024-11-15 09:05:00,open,11,0.0,3,45,east,consumer,2024-07-04 08:48:00,58.0,16.1,phone,active,C0178,passenger,2024-11-03 09:05:00,12,west,west,medium,242.48,web,0
CP0300,C0408,O00553,supportexperience,phone,low,2024-01-15 20:55:00,open,14,4.56,1,44,airport,consumer,2025-10-02 12:02:00,52.2,51.0,web,active,C0408,retail,2024-01-06 20:55:00,6,north,riverside,high,32.16,app,0
CP0301,C0023,O00414,driverbehaviour,phone,medium,2025-04-05 20:30:00,resolved,4,16.83,2,52,south,consumer,2025-06-28 13:49:00,73.1,45.2,web,active,C0023,parcel,2025-04-05 20:30:00,6,south,west,medium,283.98,app,0
CP0302,C0372,O00373,missedpickup,chatbot,high,2024-06-03 20:00:00,resolved,8,37.07,3,34,west,consumer,2024-02-04 22:21:00,26.2,59.4,phone,active,C0372,parcel,2024-05-26 20:00:00,24,north,central,medium,95.4,app,0
CP0303,C0294,O00872,missedpickup,app,low,2024-11-11 11:01:00,open,9,15.19,1,53,north,consumer,2024-12-05 00:20:00,68.9,52.2,app,active,C0294,medical,2024-11-03 11:01:00,2,east,south,low,113.37,app,0
CP0304,C0178,O00455,delay,phone,medium,2024-08-14 02:36:00,open,7,20.69,2,45,east,consumer,2024-07-04 08:48:00,58.0,16.1,phone,active,C0178,passenger,2024-08-14 02:36:00,6,airport,airport,high,144.79,app,0
CP0305,C0226,O01015,driverbehaviour,chatbot,high,2025-08-08 21:14:00,resolved,11,37.25,3,74,west,consumer,2024-12-09 12:05:00,47.2,48.0,web,active,C0226,passenger,2025-08-06 21:14:00,6,riverside,ctr,high,40.54,phone,0
CP0306,C0004,O00081,damage,app,high,2025-04-26 12:53:00,resolved,21,35.58,3,75,central,consumer,2025-08-19 01:58:00,32.5,33.0,app,active,C0004,passenger,2025-04-17 12:53:00,6,west,airport,low,208.38,app,0
CP0307,C0248,O00900,driverbehaviour,chatbot,medium,2024-09-20 00:05:00,resolved,4,0.0,2,59,central,consumer,2025-10-14 11:06:00,71.1,39.9,app,active,C0248,passenger,2024-09-20 00:05:00,2,riverside,airport,high,100.64,api,0
CP0308,C0597,O00865,driverbehaviour,phone,high,2024-03-28 00:53:00,resolved,13,37.97,3,74,north,consumer,2024-11-12 02:19:00,57.2,64.3,phone,active,C0597,parcel,2024-03-22 00:53:00,2,east,south,medium,55.13,web,0
CP0309,C0175,O01106,damage,email,high,2024-03-01 00:14:00,resolved,7,57.63,3,37,central,consumer,2025-06-08 02:07:00,86.4,56.9,app,active,C0175,business,2024-02-28 00:14:00,12,east,ctr,medium,22.49,web,0
CP0310,C0421,O00219,driverbehaviour,phone,high,2024-06-08 23:42:00,resolved,13,45.71,3,34,central,consumer,2025-03-16 15:08:00,59.0,51.4,app,active,C0421,passenger,2024-05-29 23:42:00,2,east,south,medium,62.84,app,0
CP0311,C0636,O00894,driverbehaviour,app,high,2024-01-15 22:16:00,resolved,19,0.0,3,60,east,consumer,2025-06-30 21:04:00,76.3,69.1,app,suspended,C0636,parcel,2024-01-14 22:16:00,2,east,airport,low,114.94,web,0
CP0312,C0026,O00341,delay,app,medium,2024-12-23 20:58:00,open,12,19.78,2,34,north,enterprise,2024-09-11 05:44:00,70.6,74.8,phone,active,C0026,retail,2024-12-13 20:58:00,4,riverside,east,medium,36.59,app,0
CP0313,C0028,O00290,delay,chatbot,low,2024-09-27 22:30:00,resolved,2,8.86,1,22,ctr,consumer,2024-11-03 16:31:00,78.5,79.6,app,active,C0028,medical,2024-09-21 22:30:00,2,central,west,high,54.76,app,0
CP0314,C0378,O00443,supportexperience,app,low,2025-10-28 00:06:00,resolved,6,4.67,1,38,riverside,consumer,2024-07-17 07:29:00,26.2,77.3,app,active,C0378,parcel,2025-10-20 00:06:00,12,north,riverside,medium,63.8,app,1
CP0315,C0517,O00645,missedpickup,chatbot,high,2024-12-28 21:06:00,resolved,14,58.16,3,66,riverside,consumer,2025-01-11 14:32:00,38.5,65.7,app,active,C0517,passenger,2024-12-26 21:06:00,6,south,central,medium,82.91,api,0
CP0316,C0454,O00055,missedpickup,phone,medium,2025-06-05 23:44:00,resolved,7,12.97,2,28,south,consumer,2024-10-27 07:07:00,62.2,63.6,app,active,C0454,retail,2025-05-30 23:44:00,2,airport,riverside,medium,73.7,app,0
CP0317,C0631,O00406,driverbehaviour,chatbot,medium,2025-01-17 13:07:00,resolved,6,26.52,2,44,north,consumer,2024-02-12 04:44:00,65.8,81.4,web,active,C0631,retail,2025-01-05 13:07:00,2,airport,riverside,critical,59.17,app,0
CP0318,C0056,O00628,delay,app,medium,2024-11-02 10:05:00,open,5,20.42,2,54,north,consumer,2024-06-03 02:11:00,71.1,32.0,app,active,C0056,passenger,2024-10-26 10:05:00,12,riverside,north,medium,52.85,app,1
CP0319,C0325,O00167,delay,email,medium,2024-04-27 20:46:00,resolved,2,11.9,2,37,south,consumer,2025-07-14 06:15:00,49.4,34.4,app,active,C0325,medical,2024-04-27 20:46:00,24,east,east,medium,24.78,api,0
CP0320,C0207,O01179,missedpickup,email,medium,2025-10-16 18:48:00,resolved,1,1.97,2,54,central,consumer,2025-05-21 17:53:00,65.7,72.4,app,active,C0207,passenger,2025-10-13 18:48:00,6,riverside,central,high,64.87,app,0
