incident_id,delivery_id,incident_type,reported_at,severity,resolution_status,resolved_hours,incident_severity_score,order_id,driver_id,vehicle_id,hub_id,dispatch_time,delivery_completed_at,delivery_status,route_distance_km,manual_route_override_count,proof_of_completion_missing,customer_rating_post_delivery,fuel_or_charge_cost,delivery_duration_minutes,promised_window_hours,promised_window_minutes,is_delayed,is_failed,base_zone,employment_type,years_experience,training_score,driver_rating,shift_preference,active_flag,vehicle_type,assigned_zone,commission_date,battery_health_pct,odometer_km,maintenance_status,telematics_version,high_risk_vehicle,hub_name,zone,hub_type,capacity_score
I0001,DL00221,batteryalert,2024-03-11 23:46:00,medium,escalated,12.3,2,O00594,D151,V092,H02,2024-03-11 21:43:00,2024-03-11 22:58:44.220273,ontime,12.09,3.0,0.0,3.25,11.03,75.73700455,4.0,240.0,0.0,0.0,east,fulltime,2.0,71.3,4.69,flexible,1.0,hybrid,east,2024-01-07 14:19:00,80.5,36143.0,inrepair,v2.1,1.0,South Link,south,dispatch,78.0
I0002,DL00578,batteryalert,2024-02-21 10:56:00,low,open,9.6,1,O00115,D032,V108,H06,2024-02-21 08:24:00,2024-02-21 14:09:53.056302,ontime,11.09,0.0,0.0,4.55,7.9,345.8842717,6.0,360.0,0.0,0.0,east,parttime,6.0,81.5,3.99,evening,1.0,diesel,airport,2025-01-31 06:29:00,54.6,141290.0,inrepair,v1.9,1.0,Airport Hub,airport,dispatch,71.0
I0003,DL00175,temperatureissue,2025-04-17 23:22:00,medium,open,22.0,2,O00583,D036,V118,H03,2025-04-17 21:40:00,2025-04-18 00:57:45.636508,ontime,15.62,1.0,0.0,3.93,9.26,197.76060846666667,6.0,360.0,0.0,0.0,airport,parttime,9.0,79.3,4.69,morning,1.0,diesel,riverside,2025-02-18 12:40:00,78.0,145165.0,active,v2.1,0.0,East Dock,east,warehouse,74.0
I0004,DL00417,proofmissing,2025-02-09 00:16:00,medium,closed,9.8,2,O00615,D054,V085,H04,2025-02-08 21:37:00,2025-02-08 23:17:10.791004,ontime,13.05,0.0,0.0,4.08,18.58,100.17985006666666,1.0,60.0,1.0,0.0,west,fulltime,3.0,80.1,4.32,morning,1.0,cargovan,south,2025-09-30 12:01:00,87.3,145652.0,active,v2.1,0.0,West Gate,west,dispatch,69.0
I0005,DL00897,routedeviation,2025-01-04 02:49:00,low,open,13.0,1,O00672,D084,V043,H07,2025-01-04 00:01:00,2025-01-04 23:54:43.323541,ontime,33.64,2.0,0.0,4.06,29.43,1433.7220590166667,24.0,1440.0,0.0,0.0,central,parttime,2.0,47.2,3.99,evening,1.0,ev,south,2025-02-23 11:32:00,76.4,149922.0,scheduled,v2.0,0.0,Riverside Hub,riverside,warehouse,66.0
I0006,DL00634,customernoshow,2025-08-08 21:26:00,high,pendingvendor,19.9,3,O00245,D077,V032,H02,2025-08-08 19:33:00,2025-08-09 05:46:51.012604,delayed,11.96,1.0,0.0,2.3,9.41,613.8502100666667,4.0,240.0,1.0,0.0,south,fulltime,8.0,64.9,3.68,morning,1.0,cargovan,north,2024-01-11 00:03:00,74.1,102207.0,active,v1.9,0.0,South Link,south,dispatch,78.0
I0007,DL00495,appsyncerror,2024-05-23 02:29:00,low,pendingvendor,4.8,1,O01189,D129,V006,H05,2024-05-23 01:38:00,2024-05-23 04:12:11.690549,ontime,33.39,2.0,0.0,4.94,19.23,154.19484248333336,6.0,360.0,0.0,0.0,north,fulltime,10.0,64.9,4.18,night,1.0,ev,central,2025-11-22 06:39:00,78.6,141381.0,active,v2.1,0.0,Central Core,central,control,88.0
I0008,DL00602,routedeviation,2024-08-17 01:27:00,medium,closed,12.1,2,O00318,D157,V009,H03,2024-08-17 01:09:00,2024-08-17 11:45:54.685050,delayed,7.02,1.0,1.0,2.86,11.51,636.9114175,6.0,360.0,1.0,0.0,south,fulltime,13.0,74.1,4.42,evening,1.0,cargovan,south,2025-05-01 08:50:00,68.8,156687.0,active,v2.1,1.0,East Dock,east,warehouse,74.0
I0009,DL00636,customernoshow,2024-08-24 22:28:00,medium,closed,15.8,2,O00880,D054,V104,H04,2024-08-24 19:54:00,2024-08-25 19:15:28.926324,ontime,10.04,2.0,0.0,3.89,13.35,1401.4821054,24.0,1440.0,0.0,0.0,west,fulltime,3.0,80.1,4.32,morning,1.0,ev,east,2025-06-30 12:21:00,73.9,91441.0,active,v2.1,0.0,West Gate,west,dispatch,69.0
I0010,DL00052,customernoshow,2025-05-06 14:17:00,medium,closed,9.4,2,O00554,D168,V020,H08,2025-05-06 10:37:00,2025-05-06 20:57:25.303009,delayed,26.380000000000003,1.0,1.0,2.52,24.54,620.4217168166667,2.0,120.0,1.0,0.0,north,fulltime,12.0,93.6,3.84,morning,1.0,hybrid,riverside,2024-10-26 11:25:00,82.3,187051.0,scheduled,v2.1,0.0,Midtown Relay,central,charging,63.0
I0011,DL00376,customernoshow,2024-09-21 19:17:00,medium,closed,20.4,2,O01104,D090,V114,H04,2024-09-21 17:50:00,2024-09-22 04:54:45.274892,ontime,6.72,0.0,0.0,4.51,5.92,664.7545815333334,12.0,720.0,0.0,0.0,north,fulltime,8.0,58.0,3.78,morning,1.0,hybrid,north,2024-10-03 17:53:00,90.0,84649.0,active,v2.2,0.0,West Gate,west,dispatch,69.0
I0012,DL00366,routedeviation,2025-07-24 06:39:00,medium,escalated,18.7,2,O00910,D146,V095,H06,2025-07-24 04:05:00,2025-07-24 11:38:55.420285,ontime,17.03,0.0,0.0,3.63,18.63,453.92367141666665,6.0,360.0,1.0,0.0,airport,contract,1.0,,4.36,morning,1.0,cargovan,riverside,2025-11-24 12:43:00,79.0,104553.0,inrepair,v2.0,1.0,Airport Hub,airport,dispatch,71.0
I0013,DL00253,batteryalert,2024-09-30 07:49:00,high,closed,20.9,3,O00325,D126,V033,H08,2024-09-30 05:43:00,2024-09-30 07:09:22.633894,ontime,5.12,1.0,0.0,4.24,9.16,86.37723156666667,2.0,120.0,0.0,0.0,east,parttime,9.0,69.7,4.1,evening,1.0,ev,airport,2024-09-19 18:57:00,78.6,55241.0,inrepair,v2.2,1.0,Midtown Relay,central,charging,63.0
I0014,DL00075,vehiclefault,2024-08-06 04:32:00,high,open,5.0,3,O01239,D169,V047,H02,2024-08-06 04:24:00,2024-08-06 05:22:04.347228,ontime,13.25,3.0,0.0,3.24,11.94,58.0724538,2.0,120.0,0.0,0.0,east,contract,5.0,77.6,3.81,flexible,1.0,ev,ctr,2025-02-15 14:49:00,93.7,134347.0,scheduled,v2.2,0.0,South Link,south,dispatch,78.0
I0015,DL00607,proofmissing,2024-09-11 17:48:00,high,closed,,3,,,,,,,,,,,,,,,,,,,,,,,,,,,,,,,,,,,,
I0016,DL00724,appsyncerror,2024-10-10 08:26:00,low,pendingvendor,18.7,1,O00024,D003,V042,H01,2024-10-10 07:43:00,2024-10-10 10:21:10.389885,ontime,17.9,0.0,0.0,4.76,14.39,158.17316475,6.0,360.0,0.0,0.0,airport,fulltime,11.0,96.5,5.0,evening,1.0,ev,east,2025-06-21 07:06:00,80.5,215870.0,inrepair,v1.9,1.0,North Exchange,north,dispatch,82.0
I0017,DL00809,proofmissing,2025-02-27 00:31:00,low,closed,,1,O01071,D043,V051,H05,2025-02-27 00:21:00,2025-02-27 16:48:45.890797,delayed,13.21,1.0,1.0,4.41,16.54,987.7648466166667,12.0,720.0,1.0,0.0,north,fulltime,13.0,80.3,4.6,evening,0.0,ev,north,2024-11-21 11:04:00,87.8,141107.0,active,v2.0,0.0,Central Core,central,control,88.0
I0018,DL00574,appsyncerror,2025-11-08 21:55:00,high,closed,10.5,3,O00693,D048,V016,H05,2025-11-08 19:41:00,2025-11-09 11:16:21.047564,failed,24.31,1.0,0.0,4.63,16.24,935.3507927333334,2.0,120.0,1.0,1.0,east,fulltime,7.0,76.3,3.45,flexible,1.0,ev,west,2024-10-13 19:38:00,63.5,84395.0,active,v2.1,1.0,Central Core,central,control,88.0
I0019,DL00685,batteryalert,2024-02-12 07:05:00,high,closed,11.3,3,O00113,D002,V042,H03,2024-02-12 05:54:00,2024-02-12 22:59:20.709373,failed,10.66,1.0,0.0,2.68,10.8,1025.3451562166667,2.0,120.0,1.0,1.0,central,fulltime,4.0,42.4,3.94,evening,1.0,ev,east,2025-06-21 07:06:00,80.5,215870.0,inrepair,v1.9,1.0,East Dock,east,warehouse,74.0
I0020,DL00921,temperatureissue,2025-01-04 04:14:00,critical,closed,3.3,4,O00332,D063,V108,H08,2025-01-04 02:49:00,2025-01-05 01:59:36.355790,failed,6.36,0.0,0.0,2.34,9.47,1390.6059298333334,12.0,720.0,1.0,1.0,north,parttime,12.0,85.7,4.03,morning,1.0,diesel,airport,2025-01-31 06:29:00,54.6,141290.0,inrepair,v1.9,1.0,Midtown Relay,central,charging,63.0
I0021,DL00186,safetynearmiss,2024-01-14 06:44:00,medium,escalated,4.8,2,O00798,D006,V081,H06,2024-01-14 04:23:00,2024-01-14 07:07:14.801241,ontime,14.26,1.0,0.0,4.91,4.79,164.24668734999997,4.0,240.0,0.0,0.0,central,fulltime,8.0,78.8,4.38,flexible,1.0,ev,west,2024-12-28 08:10:00,86.6,165481.0,active,v2.2,0.0,Airport Hub,airport,dispatch,71.0
I0022,DL00097,batteryalert,2024-07-17 01:29:00,medium,escalated,26.8,2,O00794,D170,V109,H07,2024-07-16 22:51:00,2024-07-18 01:52:17.414330,failed,10.54,1.0,0.0,3.58,3.56,1621.2902388333334,12.0,720.0,1.0,1.0,west,fulltime,14.0,75.2,4.48,morning,1.0,hybrid,airport,2024-10-17 11:15:00,60.6,193552.0,inrepair,v2.1,1.0,Riverside Hub,riverside,warehouse,66.0
I0023,DL00904,proofmissing,2025-08-19 08:30:00,medium,escalated,4.8,2,O01102,D160,V112,H04,2025-08-19 06:18:00,2025-08-19 09:41:36.852221,ontime,32.81,0.0,0.0,4.79,16.84,203.61420368333333,4.0,240.0,0.0,0.0,east,fulltime,12.0,72.8,4.48,morning,1.0,ev,south,2024-06-08 07:45:00,94.1,19121.0,inrepair,v2.1,1.0,West Gate,west,dispatch,69.0
I0024,DL00850,proofmissing,2025-08-30 22:55:00,low,closed,12.0,1,O00444,D060,V055,H05,2025-08-30 19:20:00,2025-08-30 22:59:39.779090,ontime,4.26,4.0,0.0,4.32,8.71,219.66298483333333,4.0,240.0,0.0,0.0,south,fulltime,4.0,76.0,4.49,morning,1.0,hybrid,east,2025-06-05 13:40:00,83.3,85635.0,active,v2.1,0.0,Central Core,central,control,88.0
I0025,DL00413,batteryalert,2024-08-30 02:36:00,medium,pendingvendor,5.7,2,O01077,D046,V035,H01,2024-08-30 00:32:00,2024-08-30 11:34:46.079286,failed,6.34,1.0,0.0,4.22,10.75,662.7679881,4.0,240.0,1.0,1.0,south,fulltime,5.0,82.2,4.06,morning,1.0,cargovan,east,2025-07-03 09:34:00,83.6,73804.0,active,v2.0,0.0,North Exchange,north,dispatch,82.0
I0026,DL00254,routedeviation,2024-12-29 16:12:00,high,closed,16.8,3,O00933,D053,V084,H05,2024-12-29 13:26:00,2024-12-29 18:18:06.932349,ontime,11.34,1.0,0.0,4.09,12.33,292.11553914999996,6.0,360.0,0.0,0.0,west,fulltime,5.0,83.3,3.8,morning,1.0,cargovan,riverside,2024-12-23 06:28:00,47.6,53872.0,inrepair,v2.1,1.0,Central Core,central,control,88.0
I0027,DL00474,vehiclefault,2025-02-25 04:16:00,medium,closed,4.3,2,O00067,D004,V017,H04,2025-02-25 03:48:00,2025-02-25 07:16:13.969650,ontime,2.66,0.0,0.0,4.36,9.21,208.23282749999998,6.0,360.0,0.0,0.0,airport,parttime,13.0,88.9,4.75,morning,1.0,hybrid,riverside,2024-04-23 12:54:00,82.4,169703.0,inrepair,v2.2,1.0,West Gate,west,dispatch,69.0
I0028,DL00479,routedeviation,2024-11-03 04:12:00,low,closed,21.2,1,O00533,D091,V047,H01,2024-11-03 02:54:00,2024-11-03 19:36:46.278515,delayed,3.46,0.0,0.0,1.0,14.35,1002.7713085833333,4.0,240.0,1.0,0.0,riverside,fulltime,12.0,68.0,4.46,night,1.0,ev,ctr,2025-02-15 14:49:00,93.7,134347.0,scheduled,v2.2,0.0,North Exchange,north,dispatch,82.0
I0029,DL00198,vehiclefault,2024-12-08 08:07:00,medium,open,11.8,2,O00465,D156,V111,H04,2024-12-08 07:33:00,2024-12-08 12:46:07.626495,delayed,8.01,0.0,0.0,3.38,10.98,313.12710825,2.0,120.0,1.0,0.0,south,fulltime,14.0,84.5,3.62,evening,1.0,ev,west,2025-11-11 00:21:00,66.3,208147.0,active,v2.1,1.0,West Gate,west,dispatch,69.0
I0030,DL00448,routedeviation,2024-08-30 15:06:00,low,escalated,20.9,1,,,,,,,,,,,,,,,,,,,,,,,,,,,,,,,,,,,,
I0031,DL00587,proofmissing,2024-01-12 10:43:00,low,escalated,16.7,1,O00182,D166,V009,H01,2024-01-12 10:05:00,2024-01-12 12:52:41.364362,ontime,4.98,1.0,0.0,4.15,3.57,167.68940603333334,2.0,120.0,1.0,0.0,west,parttime,7.0,74.6,4.07,night,1.0,cargovan,south,2025-05-01 08:50:00,68.8,156687.0,active,v2.1,1.0,North Exchange,north,dispatch,82.0
I0032,DL00181,vehiclefault,2024-08-26 02:02:00,low,open,11.3,1,O00450,D073,V014,H02,2024-08-25 23:47:00,2024-08-25 23:58:42.961492,ontime,12.74,1.0,0.0,5.0,14.37,11.716024866666666,2.0,120.0,0.0,0.0,east,fulltime,11.0,76.9,4.58,evening,1.0,ev,airport,2025-05-24 12:36:00,100.0,206339.0,scheduled,v2.0,0.0,South Link,south,dispatch,78.0
I0033,DL00694,batteryalert,2024-03-31 09:38:00,medium,open,4.3,2,O00457,D087,V038,H05,2024-03-31 09:26:00,2024-04-01 08:43:50.348343,failed,14.66,0.0,1.0,1.68,13.68,1397.83913905,12.0,720.0,1.0,1.0,north,contract,13.0,73.3,4.43,night,1.0,cargovan,central,2025-03-16 12:29:00,81.6,68032.0,active,v2.1,0.0,Central Core,central,control,88.0
I0034,DL00684,appsyncerror,2024-02-06 14:01:00,medium,pendingvendor,23.7,2,O00986,D026,V027,H08,2024-02-06 11:40:00,2024-02-07 19:38:29.699653,delayed,12.6,1.0,1.0,3.71,10.36,1918.4949942166668,24.0,1440.0,1.0,0.0,north,parttime,4.0,84.9,3.15,night,0.0,diesel,south,2025-08-12 12:37:00,78.6,51052.0,inrepair,v2.2,1.0,Midtown Relay,central,charging,63.0
I0035,DL00882,appsyncerror,2024-06-26 15:00:00,low,closed,0.8,1,O01151,D039,V036,H03,2024-06-26 13:58:00,2024-06-27 02:26:43.512371,ontime,3.86,0.0,0.0,4.76,7.4,748.7252061833333,12.0,720.0,1.0,0.0,airport,contract,7.0,86.1,4.06,evening,1.0,diesel,north,2025-09-26 13:33:00,90.4,215767.0,inrepair,v2.1,1.0,East Dock,east,warehouse,74.0
I0036,DL00272,vehiclefault,2025-09-02 17:36:00,low,closed,7.8,1,,,,,,,,,,,,,,,,,,,,,,,,,,,,,,,,,,,,
I0037,DL00938,temperatureissue,2024-04-04 06:40:00,high,closed,13.3,3,O01246,D132,V109,H03,2024-04-04 03:20:00,2024-04-04 10:45:58.482629,failed,36.94,0.0,0.0,2.58,20.16,445.9747104833333,4.0,240.0,1.0,1.0,south,contract,8.0,77.6,4.2,evening,1.0,hybrid,airport,2024-10-17 11:15:00,60.6,193552.0,inrepair,v2.1,1.0,East Dock,east,warehouse,74.0
I0038,DL00032,proofmissing,2025-01-29 06:31:00,medium,closed,5.2,2,O00010,D045,V010,H08,2025-01-29 02:58:00,2025-01-29 05:57:46.344204,ontime,15.58,1.0,0.0,4.23,13.75,179.7724034,6.0,360.0,0.0,0.0,north,fulltime,2.0,59.6,4.12,flexible,1.0,cargovan,north,2025-10-07 22:40:00,50.7,129032.0,inrepair,v2.1,1.0,Midtown Relay,central,charging,63.0
I0039,DL00208,safetynearmiss,2024-04-13 05:39:00,high,closed,2.6,3,O00964,D087,V018,H01,2024-04-13 03:27:00,2024-04-13 22:30:31.511760,failed,21.73,0.0,1.0,3.09,13.36,1143.5251959999998,2.0,120.0,1.0,1.0,north,contract,13.0,73.3,4.43,night,1.0,diesel,riverside,2025-04-08 22:29:00,86.8,98363.0,scheduled,v2.1,0.0,North Exchange,north,dispatch,82.0
I0040,DL00573,proofmissing,2024-05-08 00:38:00,medium,escalated,8.1,2,O01214,D118,V077,H02,2024-05-07 23:32:00,2024-05-08 01:20:03.169081,ontime,7.3,1.0,0.0,5.0,14.05,108.05281801666666,4.0,240.0,0.0,0.0,north,fulltime,1.0,80.6,4.88,night,1.0,ev,south,2025-04-23 19:27:00,67.6,116877.0,scheduled,v2.1,1.0,South Link,south,dispatch,78.0
I0041,DL00072,safetynearmiss,2025-11-20 07:56:00,medium,closed,17.3,2,O00402,D110,V027,H05,2025-11-20 06:20:00,2025-11-20 19:21:38.642714,delayed,28.51,0.0,0.0,3.28,15.11,781.6440452333334,4.0,240.0,1.0,0.0,riverside,contract,7.0,40.6,4.1,morning,1.0,diesel,south,2025-08-12 12:37:00,78.6,51052.0,inrepair,v2.2,1.0,Central Core,central,control,88.0
I0042,DL00547,temperatureissue,2025-10-07 21:18:00,medium,closed,22.7,2,O00778,D014,V090,H05,2025-10-07 19:49:00,2025-10-07 21:46:03.475662,ontime,11.03,0.0,0.0,4.93,14.38,117.0579277,4.0,240.0,0.0,0.0,north,fulltime,6.0,76.1,4.7,evening,1.0,hybrid,west,2024-08-16 01:10:00,93.8,98472.0,inrepair,v2.0,1.0,Central Core,central,control,88.0
I0043,DL00009,appsyncerror,2024-04-12 22:42:00,low,open,20.1,1,O00297,D088,V029,H05,2024-04-12 21:33:00,2024-04-13 01:18:52.673288,ontime,40.23,1.0,0.0,3.7,15.78,225.87788813333333,6.0,360.0,0.0,0.0,riverside,contract,4.0,84.3,4.17,morning,1.0,ev,north,2024-12-04 10:53:00,,130270.0,active,v2.0,0.0,Central Core,central,control,88.0
I0044,DL00590,proofmissing,2024-08-31 06:13:00,critical,closed,3.2,4,O00229,D112,V017,H07,2024-08-31 05:34:00,2024-08-31 21:45:46.740651,delayed,7.56,4.0,0.0,3.44,12.03,971.77901085,6.0,360.0,1.0,0.0,east,fulltime,14.0,79.1,4.51,morning,1.0,hybrid,riverside,2024-04-23 12:54:00,82.4,169703.0,inrepair,v2.2,1.0,Riverside Hub,riverside,warehouse,66.0
I0045,DL00341,batteryalert,2024-11-14 01:36:00,medium,open,12.2,2,O01203,D050,V037,H07,2024-11-13 21:57:00,2024-11-14 21:39:10.558162,ontime,2.78,0.0,0.0,3.72,12.39,1422.1759693666668,24.0,1440.0,0.0,0.0,north,fulltime,6.0,87.4,3.9,evening,1.0,cargovan,south,2025-06-13 23:43:00,56.6,52146.0,inrepair,v1.9,1.0,Riverside Hub,riverside,warehouse,66.0
I0046,DL00014,proofmissing,2024-05-07 14:02:00,high,pendingvendor,6.9,3,O00725,D102,V008,H05,2024-05-07 12:40:00,2024-05-07 20:50:43.795700,ontime,16.46,0.0,0.0,3.67,11.74,490.7299283333333,12.0,720.0,0.0,0.0,east,parttime,10.0,67.6,4.62,morning,1.0,ev,riverside,2025-06-14 03:47:00,90.5,49711.0,active,v2.0,0.0,Central Core,central,control,88.0
I0047,DL00919,safetynearmiss,2025-12-26 23:23:00,medium,open,23.6,2,O00763,D139,V097,H04,2025-12-26 20:25:00,2025-12-26 23:44:12.237781,ontime,5.38,2.0,0.0,5.0,10.53,199.20396301666668,4.0,240.0,0.0,0.0,south,fulltime,10.0,71.4,4.99,evening,1.0,ev,ctr,2024-11-12 12:56:00,92.1,18680.0,active,v2.1,0.0,West Gate,west,dispatch,69.0
I0048,DL00265,routedeviation,2024-06-28 12:42:00,low,closed,2.2,1,O00253,D119,V054,H03,2024-06-28 11:02:00,2024-06-28 13:40:12.117454,ontime,14.43,0.0,0.0,4.54,15.01,158.20195756666666,4.0,240.0,0.0,0.0,south,fulltime,5.0,56.0,3.55,flexible,1.0,hybrid,north,2024-10-28 22:21:00,76.7,90558.0,scheduled,v2.2,0.0,East Dock,east,warehouse,74.0
I0049,DL00493,batteryalert,2025-08-09 21:45:00,medium,closed,24.3,2,O00803,D017,V070,H03,2025-08-09 20:37:00,2025-08-09 23:43:05.330497,ontime,4.68,0.0,0.0,4.83,11.06,186.08884161666668,6.0,360.0,0.0,0.0,east,parttime,1.0,,4.34,morning,1.0,cargovan,north,2025-10-24 17:32:00,62.6,39859.0,inrepair,v2.0,1.0,East Dock,east,warehouse,74.0
I0050,DL00207,customernoshow,2024-03-17 01:48:00,high,open,20.9,3,O01035,D121,V114,H04,2024-03-17 00:24:00,2024-03-17 06:31:20.483060,ontime,18.52,1.0,0.0,4.4,11.28,367.34138433333334,6.0,360.0,1.0,0.0,riverside,contract,3.0,,4.97,morning,1.0,hybrid,north,2024-10-03 17:53:00,90.0,84649.0,active,v2.2,0.0,West Gate,west,dispatch,69.0
I0051,DL00365,customernoshow,2025-09-05 09:36:00,low,pendingvendor,24.8,1,O00861,D064,V012,H01,2025-09-05 09:13:00,2025-09-05 09:38:01.068912,ontime,10.33,0.0,0.0,4.19,9.22,25.017815199999998,2.0,120.0,0.0,0.0,south,parttime,14.0,88.9,4.18,morning,1.0,hybrid,south,2024-04-15 00:26:00,56.2,52021.0,active,v2.1,1.0,North Exchange,north,dispatch,82.0
I0052,DL00690,vehiclefault,2024-12-12 07:51:00,medium,open,21.6,2,O00129,D167,V096,H01,2024-12-12 05:16:00,2024-12-13 10:27:02.080765,failed,17.64,0.0,0.0,2.59,15.08,1751.0346794166667,12.0,720.0,1.0,1.0,south,parttime,12.0,75.3,4.64,night,1.0,cargovan,east,2025-08-21 07:26:00,85.1,193315.0,inrepair,v2.0,1.0,North Exchange,north,dispatch,82.0
I0053,DL00864,proofmissing,2025-10-27 18:48:00,critical,escalated,11.9,4,O00818,D135,V076,H06,2025-10-27 16:02:00,2025-10-27 17:01:23.863641,ontime,11.68,0.0,0.0,3.14,18.27,59.39772735,1.0,60.0,0.0,0.0,riverside,parttime,2.0,70.3,4.4,flexible,1.0,diesel,central,2025-06-19 15:52:00,65.8,106063.0,inrepair,v1.9,1.0,Airport Hub,airport,dispatch,71.0
I0054,DL00324,proofmissing,2024-08-14 07:43:00,low,closed,17.0,1,O00455,D042,V059,H07,2024-08-14 04:59:00,2024-08-14 10:11:51.273104,failed,21.07,1.0,0.0,3.21,12.52,312.8545517333333,6.0,360.0,0.0,1.0,north,fulltime,9.0,70.5,3.37,night,1.0,hybrid,airport,2024-03-02 20:36:00,85.2,188332.0,inrepair,v2.1,1.0,Riverside Hub,riverside,warehouse,66.0
I0055,DL00633,routedeviation,2024-12-11 06:59:00,high,open,21.5,3,O00272,D127,V047,H05,2024-12-11 06:48:00,2024-12-12 05:20:32.062021,ontime,11.86,2.0,0.0,4.06,13.31,1352.5343670166667,24.0,1440.0,0.0,0.0,central,fulltime,10.0,61.5,4.19,morning,1.0,ev,ctr,2025-02-15 14:49:00,93.7,134347.0,scheduled,v2.2,0.0,Central Core,central,control,88.0
I0056,DL00788,vehiclefault,2025-05-07 05:14:00,low,pendingvendor,14.5,1,O00927,D108,V058,H05,2025-05-07 05:03:00,2025-05-08 00:15:39.140252,failed,10.39,0.0,0.0,4.32,19.57,1152.6523375333334,6.0,360.0,1.0,1.0,south,fulltime,10.0,70.6,4.33,morning,1.0,hybrid,central,2024-07-11 13:11:00,74.1,15138.0,active,v2.0,0.0,Central Core,central,control,88.0
I0057,DL00766,proofmissing,2025-01-27 07:52:00,high,open,6.7,3,O00371,D082,V088,H07,2025-01-27 04:54:00,2025-01-27 12:48:47.192242,failed,10.55,0.0,0.0,2.58,13.84,474.78653736666666,4.0,240.0,1.0,1.0,west,parttime,14.0,74.1,4.63,evening,1.0,diesel,north,2024-02-14 14:03:00,80.3,50427.0,inrepair,v2.1,1.0,Riverside Hub,riverside,warehouse,66.0
I0058,DL00285,vehiclefault,2025-06-22 16:15:00,low,open,14.9,1,O00442,D001,V097,H07,2025-06-22 14:54:00,2025-06-22 17:41:05.902000,ontime,9.22,0.0,0.0,4.95,8.62,167.09836666666666,4.0,240.0,0.0,0.0,airport,fulltime,8.0,67.8,3.54,morning,1.0,ev,ctr,2024-11-12 12:56:00,92.1,18680.0,active,v2.1,0.0,Riverside Hub,riverside,warehouse,66.0
I0059,DL00670,vehiclefault,2024-08-30 20:57:00,high,closed,15.7,3,O01248,D098,V006,H04,2024-08-30 19:26:00,2024-08-31 15:46:01.398224,ontime,11.65,1.0,0.0,4.28,17.56,1220.0233037333335,24.0,1440.0,0.0,0.0,south,contract,3.0,70.9,4.29,morning,1.0,ev,central,2025-11-22 06:39:00,78.6,141381.0,active,v2.1,0.0,West Gate,west,dispatch,69.0
I0060,DL00080,vehiclefault,2025-10-14 11:03:00,low,closed,1.0,1,O01137,D030,V022,H04,2025-10-14 08:21:00,2025-10-14 08:32:00.000000,ontime,16.29,0.0,0.0,4.42,14.17,11.0,2.0,120.0,0.0,0.0,central,fulltime,7.0,74.0,4.56,night,1.0,hybrid,south,2025-01-28 20:20:00,89.6,44499.0,scheduled,v2.1,0.0,West Gate,west,dispatch,69.0
I0061,DL00121,temperatureissue,2024-03-14 04:34:00,medium,open,20.1,2,O00091,D078,V100,H05,2024-03-14 02:36:00,2024-03-14 09:52:56.769516,ontime,18.81,0.0,0.0,3.92,11.62,436.9461586,6.0,360.0,1.0,0.0,north,fulltime,11.0,73.7,4.28,morning,1.0,cargovan,east,2024-06-23 11:24:00,60.1,31876.0,active,v2.0,1.0,Central Core,central,control,88.0
I0062,DL00481,temperatureissue,2024-03-14 18:27:00,low,closed,23.5,1,O01095,D077,V086,H04,2024-03-14 17:15:00,2024-03-14 20:29:07.930187,ontime,16.16,1.0,0.0,3.89,22.66,194.13216978333332,6.0,360.0,0.0,0.0,south,fulltime,8.0,64.9,3.68,morning,1.0,ev,central,2024-02-25 07:56:00,82.8,42307.0,scheduled,v2.2,0.0,West Gate,west,dispatch,69.0
I0063,DL00669,routedeviation,2025-06-01 06:53:00,low,open,13.3,1,,,,,,,,,,,,,,,,,,,,,,,,,,,,,,,,,,,,
I0064,DL00366,customernoshow,2025-07-24 05:26:00,medium,closed,18.6,2,O00910,D146,V095,H06,2025-07-24 04:05:00,2025-07-24 11:38:55.420285,ontime,17.03,0.0,0.0,3.63,18.63,453.92367141666665,6.0,360.0,1.0,0.0,airport,contract,1.0,,4.36,morning,1.0,cargovan,riverside,2025-11-24 12:43:00,79.0,104553.0,inrepair,v2.0,1.0,Airport Hub,airport,dispatch,71.0
I0065,DL00435,proofmissing,2024-09-13 19:32:00,low,closed,10.3,1,O00198,D129,V087,H08,2024-09-13 18:46:00,2024-09-13 22:25:00.821660,ontime,10.63,0.0,0.0,5.0,4.82,219.01369433333332,2.0,120.0,1.0,0.0,north,fulltime,10.0,64.9,4.18,night,1.0,hybrid,airport,2025-02-09 18:48:00,49.7,116811.0,active,v2.1,1.0,Midtown Relay,central,charging,63.0
I0066,DL00042,routedeviation,2024-10-04 02:46:00,low,closed,28.0,1,O00009,D146,V020,H01,2024-10-04 01:05:00,2024-10-04 10:49:54.333414,ontime,12.02,0.0,0.0,4.45,11.41,584.9055569,12.0,720.0,0.0,0.0,airport,contract,1.0,,4.36,morning,1.0,hybrid,riverside,2024-10-26 11:25:00,82.3,187051.0,scheduled,v2.1,0.0,North Exchange,north,dispatch,82.0
I0067,DL00096,vehiclefault,2025-03-18 18:01:00,medium,closed,2.9,2,,,,,,,,,,,,,,,,,,,,,,,,,,,,,,,,,,,,
I0068,DL00799,customernoshow,2024-04-25 20:37:00,low,open,16.6,1,,,,,,,,,,,,,,,,,,,,,,,,,,,,,,,,,,,,
I0069,DL00592,temperatureissue,2024-01-19 20:43:00,medium,closed,9.0,2,O00526,D146,V001,H04,2024-01-19 17:17:00,2024-01-19 20:32:43.768544,ontime,17.21,2.0,0.0,4.58,20.05,195.72947573333335,4.0,240.0,0.0,0.0,airport,contract,1.0,,4.36,morning,1.0,ev,north,2024-12-28 23:48:00,71.8,56928.0,active,v2.2,0.0,West Gate,west,dispatch,69.0
I0070,DL00250,customernoshow,2024-08-27 18:10:00,low,open,9.5,1,O00977,D092,V067,H03,2024-08-27 17:43:00,2024-08-27 19:38:27.825277,ontime,6.39,0.0,0.0,4.03,7.45,115.46375461666666,4.0,240.0,0.0,0.0,east,fulltime,15.0,88.2,4.24,evening,1.0,hybrid,ctr,2025-11-15 00:12:00,57.3,176145.0,active,v2.0,1.0,East Dock,east,warehouse,74.0
I0071,DL00672,proofmissing,2025-05-27 14:37:00,critical,closed,8.2,4,O00017,D108,V030,H02,2025-05-27 11:38:00,2025-05-28 08:21:51.612170,ontime,35.33,5.0,0.0,4.94,19.77,1243.8602028333332,24.0,1440.0,0.0,0.0,south,fulltime,10.0,70.6,4.33,morning,1.0,cargovan,north,2025-09-14 07:20:00,78.0,134360.0,active,v2.1,0.0,South Link,south,dispatch,78.0
I0072,DL00503,vehiclefault,2024-03-15 01:30:00,medium,closed,1.4,2,O00760,D154,V014,H07,2024-03-14 23:28:00,2024-03-15 20:48:21.177033,ontime,12.95,0.0,0.0,3.97,10.7,1280.35295055,24.0,1440.0,0.0,0.0,airport,fulltime,4.0,67.0,4.35,evening,1.0,ev,airport,2025-05-24 12:36:00,100.0,206339.0,scheduled,v2.0,0.0,Riverside Hub,riverside,warehouse,66.0
I0073,DL00725,routedeviation,2025-11-29 02:34:00,high,open,3.2,3,O01115,D140,V094,H06,2025-11-29 00:00:00,2025-11-29 16:20:27.980617,failed,13.65,1.0,0.0,2.1,12.34,980.4663436166667,1.0,60.0,1.0,1.0,north,fulltime,7.0,80.1,3.92,morning,1.0,cargovan,central,2025-05-22 02:15:00,65.9,159262.0,scheduled,v1.9,1.0,Airport Hub,airport,dispatch,71.0
I0074,DL00256,appsyncerror,2025-01-22 16:01:00,medium,pendingvendor,21.7,2,O00389,D105,V088,H01,2025-01-22 12:35:00,2025-01-22 19:44:37.435823,delayed,8.17,1.0,0.0,3.16,14.91,429.62393038333335,4.0,240.0,1.0,0.0,riverside,contract,2.0,82.0,3.71,morning,1.0,diesel,north,2024-02-14 14:03:00,80.3,50427.0,inrepair,v2.1,1.0,North Exchange,north,dispatch,82.0
I0075,DL00568,proofmissing,2024-11-11 10:10:00,low,closed,4.5,1,,,,,,,,,,,,,,,,,,,,,,,,,,,,,,,,,,,,
I0076,DL00382,routedeviation,2024-12-05 22:19:00,medium,closed,3.0,2,,,,,,,,,,,,,,,,,,,,,,,,,,,,,,,,,,,,
I0077,DL00455,proofmissing,2024-04-12 09:41:00,medium,closed,14.2,2,O00914,D094,V098,H01,2024-04-12 08:41:00,2024-04-12 12:45:47.285486,ontime,10.3,1.0,0.0,4.14,7.0,244.78809143333334,6.0,360.0,0.0,0.0,ctr,parttime,6.0,60.8,4.48,night,0.0,diesel,west,2025-12-29 15:01:00,69.7,73011.0,active,v2.1,1.0,North Exchange,north,dispatch,82.0
I0078,DL00562,batteryalert,2024-12-14 13:04:00,low,closed,4.7,1,O00746,D128,V113,H08,2024-12-14 10:47:00,2024-12-14 15:16:25.399886,ontime,13.59,0.0,0.0,3.98,10.51,269.4233314333333,1.0,60.0,1.0,0.0,central,contract,13.0,84.7,3.32,morning,1.0,hybrid,central,2024-05-12 02:12:00,58.9,52725.0,inrepair,v1.9,1.0,Midtown Relay,central,charging,63.0
I0079,DL00187,proofmissing,2024-03-05 23:18:00,high,open,1.1,3,O00439,D111,V069,H05,2024-03-05 22:08:00,2024-03-06 15:17:27.866312,failed,17.61,1.0,0.0,1.53,16.92,1029.4644385333334,1.0,60.0,1.0,1.0,airport,fulltime,15.0,79.2,4.12,night,1.0,hybrid,central,2025-07-20 18:17:00,71.4,187158.0,active,v2.1,0.0,Central Core,central,control,88.0
I0080,DL00336,proofmissing,2025-02-21 18:38:00,critical,open,27.8,4,,,,,,,,,,,,,,,,,,,,,,,,,,,,,,,,,,,,
I0081,DL00224,appsyncerror,2025-01-20 04:36:00,high,closed,20.3,3,O00960,D034,V040,H07,2025-01-20 03:14:00,2025-01-20 03:27:00.000000,ontime,11.88,0.0,0.0,3.79,14.2,13.0,1.0,60.0,0.0,0.0,west,fulltime,11.0,71.3,4.27,morning,1.0,ev,central,2025-11-23 11:28:00,90.0,133770.0,active,v2.0,0.0,Riverside Hub,riverside,warehouse,66.0
I0082,DL00131,batteryalert,2025-07-05 13:14:00,high,escalated,13.0,3,O00890,D037,V096,H07,2025-07-05 10:26:00,2025-07-06 08:48:04.879458,ontime,16.59,0.0,0.0,4.33,3.25,1342.0813243,24.0,1440.0,0.0,0.0,north,parttime,7.0,63.9,4.67,morning,1.0,cargovan,east,2025-08-21 07:26:00,85.1,193315.0,inrepair,v2.0,1.0,Riverside Hub,riverside,warehouse,66.0
I0083,DL00820,proofmissing,2024-12-13 20:29:00,high,pendingvendor,9.0,3,O01192,D069,V030,H05,2024-12-13 17:39:00,2024-12-14 01:45:53.860264,delayed,30.97,2.0,0.0,3.07,21.48,486.89767106666665,2.0,120.0,1.0,0.0,north,parttime,2.0,61.5,5.0,evening,0.0,cargovan,north,2025-09-14 07:20:00,78.0,134360.0,active,v2.1,0.0,Central Core,central,control,88.0
I0084,DL00478,temperatureissue,2024-01-31 20:03:00,high,pendingvendor,0.0,3,O00947,D133,V109,H05,2024-01-31 17:32:00,2024-02-01 03:51:28.208192,delayed,9.6,2.0,0.0,1.46,11.77,619.4701365333333,4.0,240.0,1.0,0.0,south,contract,12.0,88.2,3.99,flexible,1.0,hybrid,airport,2024-10-17 11:15:00,60.6,193552.0,inrepair,v2.1,1.0,Central Core,central,control,88.0
I0085,DL00928,routedeviation,2025-10-31 01:01:00,low,pendingvendor,6.0,1,O00100,D023,V101,H05,2025-10-30 22:51:00,2025-10-31 19:39:28.294586,failed,12.72,0.0,1.0,3.15,21.6,1248.4715764333334,6.0,360.0,1.0,1.0,east,fulltime,11.0,79.1,4.16,night,1.0,hybrid,north,2024-07-10 00:56:00,84.8,106932.0,inrepair,v2.1,1.0,Central Core,central,control,88.0
I0086,DL00247,customernoshow,2024-12-31 14:48:00,low,pendingvendor,7.2,1,O00881,D056,V100,H08,2024-12-31 12:39:00,2024-12-31 18:10:16.768203,ontime,11.09,0.0,0.0,4.04,5.77,331.27947005,6.0,360.0,0.0,0.0,west,fulltime,12.0,74.6,4.45,evening,1.0,cargovan,east,2024-06-23 11:24:00,60.1,31876.0,active,v2.0,1.0,Midtown Relay,central,charging,63.0
I0087,DL00148,proofmissing,2025-12-31 11:28:00,medium,open,,2,O00817,D087,V120,H05,2025-12-31 09:02:00,2025-12-31 11:10:07.314150,ontime,16.75,1.0,0.0,4.04,15.84,128.1219025,2.0,120.0,1.0,0.0,north,contract,13.0,73.3,4.43,night,1.0,ev,central,2025-05-02 16:13:00,73.6,192246.0,active,v2.0,0.0,Central Core,central,control,88.0
I0088,DL00348,proofmissing,2024-10-08 02:28:00,high,escalated,2.2,3,O00754,D098,V062,H01,2024-10-07 23:24:00,2024-10-08 16:07:55.556410,delayed,2.21,4.0,0.0,2.89,13.34,1003.9259401666666,4.0,240.0,1.0,0.0,south,contract,3.0,70.9,4.29,morning,1.0,hybrid,north,2024-02-13 22:26:00,89.9,113343.0,active,v2.0,0.0,North Exchange,north,dispatch,82.0
I0089,DL00915,routedeviation,2024-11-28 15:09:00,high,closed,13.8,3,O00873,D004,V047,H03,2024-11-28 13:17:00,2024-11-28 17:51:16.689113,ontime,9.84,0.0,0.0,3.99,16.74,274.27815188333335,6.0,360.0,0.0,0.0,airport,parttime,13.0,88.9,4.75,morning,1.0,ev,ctr,2025-02-15 14:49:00,93.7,134347.0,scheduled,v2.2,0.0,East Dock,east,warehouse,74.0
I0090,DL00576,proofmissing,2024-11-17 03:39:00,high,closed,2.6,3,O00483,D133,V021,H08,2024-11-17 01:34:00,2024-11-17 16:32:57.970274,failed,13.83,1.0,0.0,5.0,16.98,898.9661712333333,1.0,60.0,1.0,1.0,south,contract,12.0,88.2,3.99,flexible,1.0,diesel,central,2025-06-22 17:38:00,83.0,71294.0,active,v2.2,0.0,Midtown Relay,central,charging,63.0
I0091,DL00239,temperatureissue,2024-08-14 09:11:00,medium,closed,23.1,2,O00052,D019,V010,H06,2024-08-14 09:02:00,2024-08-15 01:09:18.015871,delayed,13.6,1.0,0.0,3.72,16.0,967.3002645166667,12.0,720.0,1.0,0.0,riverside,fulltime,11.0,73.4,3.82,flexible,0.0,cargovan,north,2025-10-07 22:40:00,50.7,129032.0,inrepair,v2.1,1.0,Airport Hub,airport,dispatch,71.0
I0092,DL00847,proofmissing,2024-12-22 20:55:00,high,open,,3,O00134,D154,V035,H07,2024-12-22 18:38:00,2024-12-22 23:50:09.870311,ontime,1.46,0.0,0.0,4.09,7.98,312.1645051833333,4.0,240.0,1.0,0.0,airport,fulltime,4.0,67.0,4.35,evening,1.0,cargovan,east,2025-07-03 09:34:00,83.6,73804.0,active,v2.0,0.0,Riverside Hub,riverside,warehouse,66.0
I0093,DL00056,appsyncerror,2024-10-22 23:20:00,medium,pendingvendor,12.3,2,O00698,D137,V081,H08,2024-10-22 21:45:00,2024-10-22 22:00:19.303026,ontime,13.46,2.0,0.0,4.01,6.52,15.3217171,2.0,120.0,0.0,0.0,north,contract,10.0,65.6,4.4,flexible,1.0,ev,west,2024-12-28 08:10:00,86.6,165481.0,active,v2.2,0.0,Midtown Relay,central,charging,63.0
I0094,DL00887,customernoshow,2025-06-10 00:31:00,high,pendingvendor,12.5,3,O00577,D155,V097,H02,2025-06-09 23:14:00,2025-06-10 01:19:26.467155,ontime,29.9,0.0,0.0,4.18,18.94,125.44111925,2.0,120.0,1.0,0.0,central,parttime,6.0,69.5,3.98,morning,1.0,ev,ctr,2024-11-12 12:56:00,92.1,18680.0,active,v2.1,0.0,South Link,south,dispatch,78.0
I0095,DL00317,proofmissing,2024-12-15 15:29:00,low,closed,7.9,1,O00711,D105,V106,H06,2024-12-15 15:16:00,2024-12-15 16:55:42.081483,ontime,13.76,1.0,0.0,4.67,13.99,99.70135805,2.0,120.0,0.0,0.0,riverside,contract,2.0,82.0,3.71,morning,1.0,cargovan,north,2024-05-06 13:52:00,74.9,93084.0,active,v2.1,0.0,Airport Hub,airport,dispatch,71.0
I0096,DL00748,customernoshow,2025-05-30 04:50:00,low,pendingvendor,7.4,1,O00741,D156,V119,H04,2025-05-30 02:47:00,2025-05-30 16:13:17.676946,delayed,32.739999999999995,1.0,0.0,4.04,16.92,806.2946157666667,6.0,360.0,1.0,0.0,south,fulltime,14.0,84.5,3.62,evening,1.0,ev,riverside,2025-08-17 06:19:00,67.6,215407.0,inrepair,v2.1,1.0,West Gate,west,dispatch,69.0
I0097,DL00629,customernoshow,2024-05-23 09:17:00,medium,closed,0.2,2,O00987,D057,V031,H08,2024-05-23 08:59:00,2024-05-24 06:48:42.857665,ontime,14.0,1.0,0.0,3.96,7.1,1309.7142944166667,24.0,1440.0,0.0,0.0,west,fulltime,6.0,75.0,4.25,morning,1.0,ev,east,2024-07-28 13:57:00,89.3,193526.0,active,v1.9,0.0,Midtown Relay,central,charging,63.0
I0098,DL00810,temperatureissue,2025-03-09 18:58:00,critical,pendingvendor,2.8,4,O00116,D120,V053,H08,2025-03-09 16:49:00,2025-03-09 19:25:36.988970,ontime,15.23,0.0,0.0,5.0,11.22,156.61648283333335,4.0,240.0,0.0,0.0,north,parttime,3.0,76.9,3.72,morning,1.0,cargovan,west,2024-04-23 20:57:00,73.7,122638.0,scheduled,v2.0,0.0,Midtown Relay,central,charging,63.0
I0099,DL00309,vehiclefault,2024-06-29 01:41:00,critical,open,2.8,4,O00783,D164,V089,H02,2024-06-28 23:56:00,2024-06-29 03:09:24.133659,ontime,10.02,0.0,0.0,3.2,6.99,193.40222765,4.0,240.0,0.0,0.0,central,fulltime,5.0,76.1,4.07,flexible,1.0,cargovan,central,2025-09-27 07:15:00,93.6,136082.0,inrepair,v1.9,1.0,South Link,south,dispatch,78.0
I0100,DL00306,customernoshow,2024-12-15 22:19:00,high,closed,0.4,3,O01168,D136,V099,H07,2024-12-15 22:14:00,2024-12-16 09:57:18.304523,delayed,34.53,4.0,1.0,2.96,19.47,703.3050753833334,12.0,720.0,0.0,0.0,airport,fulltime,4.0,89.5,3.99,evening,1.0,hybrid,south,2024-09-06 02:11:00,65.8,92896.0,active,v2.0,1.0,Riverside Hub,riverside,warehouse,66.0
I0101,DL00578,vehiclefault,2024-02-21 09:51:00,low,pendingvendor,10.9,1,O00115,D032,V108,H06,2024-02-21 08:24:00,2024-02-21 14:09:53.056302,ontime,11.09,0.0,0.0,4.55,7.9,345.8842717,6.0,360.0,0.0,0.0,east,parttime,6.0,81.5,3.99,evening,1.0,diesel,airport,2025-01-31 06:29:00,54.6,141290.0,inrepair,v1.9,1.0,Airport Hub,airport,dispatch,71.0
I0102,DL00857,vehiclefault,2025-10-29 19:52:00,critical,pendingvendor,26.7,4,O00292,D050,V045,H05,2025-10-29 18:17:00,2025-10-30 10:11:21.327276,delayed,11.07,2.0,0.0,2.72,10.06,954.3554546,12.0,720.0,1.0,0.0,north,fulltime,6.0,87.4,3.9,evening,1.0,ev,east,2025-08-10 04:56:00,88.0,190688.0,active,v2.2,0.0,Central Core,central,control,88.0
I0103,DL00655,proofmissing,2025-09-10 04:24:00,low,closed,41.7,1,O01222,D156,V042,H08,2025-09-10 03:29:00,2025-09-10 12:38:01.772929,ontime,12.34,1.0,0.0,4.66,3.15,549.0295488166666,12.0,720.0,0.0,0.0,south,fulltime,14.0,84.5,3.62,evening,1.0,ev,east,2025-06-21 07:06:00,80.5,215870.0,inrepair,v1.9,1.0,Midtown Relay,central,charging,63.0
I0104,DL00094,appsyncerror,2025-05-26 23:23:00,medium,open,4.8,2,O01026,D034,V012,H04,2025-05-26 22:56:00,2025-05-27 09:41:42.033675,delayed,4.66,0.0,0.0,3.72,16.6,645.70056125,1.0,60.0,1.0,0.0,west,fulltime,11.0,71.3,4.27,morning,1.0,hybrid,south,2024-04-15 00:26:00,56.2,52021.0,active,v2.1,1.0,West Gate,west,dispatch,69.0
I0105,DL00913,customernoshow,2024-05-18 09:18:00,critical,open,10.0,4,O00239,D096,V081,H04,2024-05-18 06:34:00,2024-05-18 12:24:14.005035,ontime,12.6,1.0,0.0,3.49,15.18,350.23341724999995,4.0,240.0,1.0,0.0,ctr,fulltime,4.0,56.4,4.03,morning,1.0,ev,west,2024-12-28 08:10:00,86.6,165481.0,active,v2.2,0.0,West Gate,west,dispatch,69.0
I0106,DL00754,routedeviation,2025-03-21 15:11:00,medium,pendingvendor,10.2,2,,,,,,,,,,,,,,,,,,,,,,,,,,,,,,,,,,,,
I0107,DL00612,batteryalert,2024-12-05 05:43:00,low,closed,9.7,1,O00327,D166,V022,H07,2024-12-05 03:28:00,2024-12-05 03:46:56.748222,ontime,8.47,1.0,0.0,4.42,13.57,18.9458037,4.0,240.0,0.0,0.0,west,parttime,7.0,74.6,4.07,night,1.0,hybrid,south,2025-01-28 20:20:00,89.6,44499.0,scheduled,v2.1,0.0,Riverside Hub,riverside,warehouse,66.0
I0108,DL00265,customernoshow,2024-06-28 13:27:00,high,closed,,3,O00253,D119,V054,H03,2024-06-28 11:02:00,2024-06-28 13:40:12.117454,ontime,14.43,0.0,0.0,4.54,15.01,158.20195756666666,4.0,240.0,0.0,0.0,south,fulltime,5.0,56.0,3.55,flexible,1.0,hybrid,north,2024-10-28 22:21:00,76.7,90558.0,scheduled,v2.2,0.0,East Dock,east,warehouse,74.0
I0109,DL00760,routedeviation,2024-07-23 16:26:00,high,open,20.3,3,O00226,D081,V030,H04,2024-07-23 14:20:00,2024-07-24 15:40:22.678171,ontime,12.22,0.0,0.0,4.2,14.58,1520.3779695166668,24.0,1440.0,1.0,0.0,riverside,parttime,1.0,82.0,4.78,flexible,1.0,cargovan,north,2025-09-14 07:20:00,78.0,134360.0,active,v2.1,0.0,West Gate,west,dispatch,69.0
I0110,DL00855,temperatureissue,2025-01-08 13:40:00,medium,closed,31.4,2,O00409,D154,V076,H08,2025-01-08 12:04:00,2025-01-09 09:15:54.067994,delayed,7.29,0.0,0.0,3.36,13.69,1271.9011332333332,6.0,360.0,1.0,0.0,airport,fulltime,4.0,67.0,4.35,evening,1.0,diesel,central,2025-06-19 15:52:00,65.8,106063.0,inrepair,v1.9,1.0,Midtown Relay,central,charging,63.0
I0111,DL00403,safetynearmiss,2025-11-02 11:15:00,low,escalated,,1,O00044,D131,V092,H07,2025-11-02 10:07:00,2025-11-02 12:43:42.885570,ontime,11.6,1.0,0.0,4.58,13.74,156.7147595,4.0,240.0,0.0,0.0,south,fulltime,9.0,86.7,4.26,night,0.0,hybrid,east,2024-01-07 14:19:00,80.5,36143.0,inrepair,v2.1,1.0,Riverside Hub,riverside,warehouse,66.0
I0112,DL00627,batteryalert,2024-03-19 13:29:00,high,open,1.7,3,O00695,D142,V108,H06,2024-03-19 10:09:00,2024-03-19 13:51:55.023221,ontime,10.41,0.0,0.0,4.25,17.46,222.91705368333334,6.0,360.0,0.0,0.0,airport,fulltime,12.0,98.7,4.23,night,1.0,diesel,airport,2025-01-31 06:29:00,54.6,141290.0,inrepair,v1.9,1.0,Airport Hub,airport,dispatch,71.0
I0113,DL00562,appsyncerror,2024-12-14 11:33:00,medium,closed,16.8,2,O00746,D128,V113,H08,2024-12-14 10:47:00,2024-12-14 15:16:25.399886,ontime,13.59,0.0,0.0,3.98,10.51,269.4233314333333,1.0,60.0,1.0,0.0,central,contract,13.0,84.7,3.32,morning,1.0,hybrid,central,2024-05-12 02:12:00,58.9,52725.0,inrepair,v1.9,1.0,Midtown Relay,central,charging,63.0
I0114,DL00373,routedeviation,2024-01-20 07:06:00,low,closed,20.6,1,O00282,D058,V081,H05,2024-01-20 06:39:00,2024-01-20 23:38:53.202677,delayed,11.36,0.0,1.0,4.04,23.6,1019.8867112833334,6.0,360.0,1.0,0.0,airport,fulltime,9.0,82.7,4.27,flexible,1.0,ev,west,2024-12-28 08:10:00,86.6,165481.0,active,v2.2,0.0,Central Core,central,control,88.0
I0115,DL00027,batteryalert,2024-01-01 05:05:00,critical,open,15.4,4,O00827,D057,V054,H02,2024-01-01 03:20:00,2024-01-02 00:13:30.937528,ontime,13.27,0.0,0.0,4.15,9.05,1253.5156254666665,24.0,1440.0,0.0,0.0,west,fulltime,6.0,75.0,4.25,morning,1.0,hybrid,north,2024-10-28 22:21:00,76.7,90558.0,scheduled,v2.2,0.0,South Link,south,dispatch,78.0
I0116,DL00019,safetynearmiss,2024-06-26 00:10:00,critical,escalated,12.1,4,O01167,D026,V004,H06,2024-06-25 23:58:00,2024-06-26 07:52:41.272083,ontime,16.35,4.0,0.0,4.97,13.97,474.68786805,6.0,360.0,1.0,0.0,north,parttime,4.0,84.9,3.15,night,0.0,hybrid,riverside,2024-06-07 13:21:00,,36310.0,active,v2.2,0.0,Airport Hub,airport,dispatch,71.0
I0117,DL00911,routedeviation,2025-04-17 18:32:00,high,pendingvendor,0.6,3,O00806,D004,V119,H01,2025-04-17 16:52:00,2025-04-18 01:40:49.580737,ontime,13.69,0.0,0.0,4.33,14.98,528.8263456166667,12.0,720.0,0.0,0.0,airport,parttime,13.0,88.9,4.75,morning,1.0,ev,riverside,2025-08-17 06:19:00,67.6,215407.0,inrepair,v2.1,1.0,North Exchange,north,dispatch,82.0
I0118,DL00778,safetynearmiss,2024-09-28 20:47:00,high,escalated,13.9,3,O00965,D143,V005,H08,2024-09-28 17:43:00,2024-09-29 14:06:23.080609,failed,18.34,3.0,0.0,2.96,12.7,1223.3846768166666,6.0,360.0,1.0,1.0,central,fulltime,6.0,68.5,4.14,night,1.0,cargovan,west,2025-11-15 11:08:00,58.6,146638.0,active,v2.2,1.0,Midtown Relay,central,charging,63.0
I0119,DL00273,appsyncerror,2025-10-16 05:16:00,high,closed,3.7,3,O00492,D071,V049,H01,2025-10-16 03:34:00,2025-10-16 06:45:29.870072,ontime,9.75,0.0,0.0,2.95,14.1,191.49783453333333,6.0,360.0,0.0,0.0,central,parttime,12.0,56.7,4.49,evening,1.0,diesel,east,2025-12-09 16:47:00,55.9,15278.0,active,v2.2,1.0,North Exchange,north,dispatch,82.0
I0120,DL00169,vehiclefault,2025-04-26 10:06:00,high,closed,0.4,3,O00996,D037,V115,H07,2025-04-26 07:29:00,2025-04-26 07:46:10.119404,ontime,10.5,2.0,0.0,4.08,10.38,17.168656733333332,4.0,240.0,0.0,0.0,north,parttime,7.0,63.9,4.67,morning,1.0,diesel,south,2024-05-10 17:28:00,57.9,85919.0,active,v2.2,1.0,Riverside Hub,riverside,warehouse,66.0
I0121,DL00859,appsyncerror,2024-09-21 11:35:00,medium,closed,4.9,2,O00512,D164,V052,H05,2024-09-21 11:04:00,2024-09-21 23:34:35.779917,delayed,24.2,0.0,1.0,5.0,13.25,750.59633195,4.0,240.0,1.0,0.0,central,fulltime,5.0,76.1,4.07,flexible,1.0,hybrid,riverside,2024-11-14 16:11:00,95.4,182486.0,active,v1.9,0.0,Central Core,central,control,88.0
I0122,DL00518,routedeviation,2025-04-15 03:13:00,high,open,18.1,3,O00984,D041,V024,H06,2025-04-15 00:21:00,2025-04-15 04:48:27.290762,ontime,15.41,0.0,0.0,4.92,19.09,267.45484603333335,6.0,360.0,0.0,0.0,east,parttime,3.0,88.2,3.67,morning,1.0,ev,east,2025-05-26 12:28:00,74.9,56967.0,active,v2.1,0.0,Airport Hub,airport,dispatch,71.0
I0123,DL00939,customernoshow,2025-01-10 20:08:00,medium,closed,20.1,2,O00417,D007,V076,H01,2025-01-10 17:25:00,2025-01-10 21:08:01.948187,ontime,1.2,0.0,0.0,4.17,11.3,223.03246978333334,4.0,240.0,0.0,0.0,north,fulltime,4.0,92.6,3.94,evening,1.0,diesel,central,2025-06-19 15:52:00,65.8,106063.0,inrepair,v1.9,1.0,North Exchange,north,dispatch,82.0
I0124,DL00324,temperatureissue,2024-08-14 07:12:00,critical,closed,4.9,4,O00455,D042,V059,H07,2024-08-14 04:59:00,2024-08-14 10:11:51.273104,failed,21.07,1.0,0.0,3.21,12.52,312.8545517333333,6.0,360.0,0.0,1.0,north,fulltime,9.0,70.5,3.37,night,1.0,hybrid,airport,2024-03-02 20:36:00,85.2,188332.0,inrepair,v2.1,1.0,Riverside Hub,riverside,warehouse,66.0
I0125,DL00511,routedeviation,2025-12-30 09:16:00,medium,open,11.4,2,O01237,D123,V083,H05,2025-12-30 09:00:00,2025-12-31 04:46:44.532285,delayed,9.94,0.0,0.0,1.37,10.76,1186.74220475,12.0,720.0,1.0,0.0,riverside,fulltime,3.0,93.5,4.12,flexible,1.0,cargovan,north,2024-04-11 18:04:00,79.3,42073.0,active,v2.2,0.0,Central Core,central,control,88.0
I0126,DL00688,routedeviation,2025-10-24 17:22:00,medium,closed,6.7,2,O00385,D117,V068,H03,2025-10-24 17:08:00,2025-10-24 17:53:05.729635,ontime,17.58,0.0,0.0,4.16,13.79,45.09549391666667,4.0,240.0,0.0,0.0,north,fulltime,1.0,71.1,3.93,flexible,1.0,hybrid,riverside,2024-06-28 15:49:00,97.5,73769.0,inrepair,v2.0,1.0,East Dock,east,warehouse,74.0
I0127,DL00404,temperatureissue,2024-04-03 05:31:00,low,escalated,13.1,1,O00502,D049,V025,H02,2024-04-03 03:48:00,2024-04-03 04:25:17.871676,ontime,7.84,0.0,0.0,3.14,11.38,37.29786126666667,4.0,240.0,0.0,0.0,central,contract,14.0,41.4,4.0,morning,1.0,diesel,airport,2024-11-03 05:34:00,42.0,52074.0,active,v2.1,1.0,South Link,south,dispatch,78.0
I0128,DL00743,routedeviation,2025-05-01 05:28:00,low,open,19.5,1,O00171,D158,V083,H03,2025-05-01 03:28:00,2025-05-01 03:30:56.577270,ontime,33.77,0.0,0.0,5.0,13.64,2.9429545,1.0,60.0,0.0,0.0,central,fulltime,5.0,81.4,4.45,morning,1.0,cargovan,north,2024-04-11 18:04:00,79.3,42073.0,active,v2.2,0.0,East Dock,east,warehouse,74.0
I0129,DL00456,proofmissing,2024-09-16 22:56:00,medium,closed,15.5,2,O00157,D037,V035,H02,2024-09-16 20:38:00,2024-09-16 22:39:02.594617,ontime,26.36,0.0,0.0,4.83,10.84,121.04324361666666,2.0,120.0,1.0,0.0,north,parttime,7.0,63.9,4.67,morning,1.0,cargovan,east,2025-07-03 09:34:00,83.6,73804.0,active,v2.0,0.0,South Link,south,dispatch,78.0
I0130,DL00496,customernoshow,2024-04-23 22:00:00,critical,open,14.6,4,O00622,D142,V102,H02,2024-04-23 18:22:00,2024-04-24 16:12:08.253404,ontime,7.97,2.0,0.0,4.18,11.59,1310.1375567333334,24.0,1440.0,0.0,0.0,airport,fulltime,12.0,98.7,4.23,night,1.0,ev,west,2024-10-24 12:35:00,77.0,198326.0,active,v2.0,0.0,South Link,south,dispatch,78.0
I0131,DL00577,temperatureissue,2024-01-12 22:06:00,medium,closed,12.0,2,O00973,D108,V043,H05,2024-01-12 21:57:00,2024-01-12 22:09:43.637461,ontime,21.03,1.0,0.0,3.86,12.99,12.727291016666667,1.0,60.0,0.0,0.0,south,fulltime,10.0,70.6,4.33,morning,1.0,ev,south,2025-02-23 11:32:00,76.4,149922.0,scheduled,v2.0,0.0,Central Core,central,control,88.0
I0132,DL00768,temperatureissue,2024-01-29 05:15:00,medium,closed,4.9,2,O00800,D086,V043,H04,2024-01-29 02:36:00,2024-01-29 18:44:35.264297,delayed,14.84,0.0,0.0,1.74,20.01,968.5877382833334,6.0,360.0,1.0,0.0,north,parttime,14.0,70.6,5.0,flexible,1.0,ev,south,2025-02-23 11:32:00,76.4,149922.0,scheduled,v2.0,0.0,West Gate,west,dispatch,69.0
I0133,DL00523,vehiclefault,2024-05-26 19:46:00,critical,closed,14.2,4,O00714,D026,V076,H01,2024-05-26 19:04:00,2024-05-27 15:57:10.253711,ontime,2.39,1.0,0.0,4.12,8.78,1253.1708951833332,24.0,1440.0,0.0,0.0,north,parttime,4.0,84.9,3.15,night,0.0,diesel,central,2025-06-19 15:52:00,65.8,106063.0,inrepair,v1.9,1.0,North Exchange,north,dispatch,82.0
I0134,DL00423,batteryalert,2025-10-05 16:20:00,medium,open,3.8,2,,,,,,,,,,,,,,,,,,,,,,,,,,,,,,,,,,,,
I0135,DL00011,proofmissing,2024-02-02 04:42:00,medium,open,,2,,,,,,,,,,,,,,,,,,,,,,,,,,,,,,,,,,,,
I0136,DL00414,customernoshow,2024-03-12 18:37:00,high,closed,16.1,3,O00704,D002,V083,H02,2024-03-12 18:01:00,2024-03-12 20:55:25.078529,ontime,8.47,1.0,0.0,5.0,14.75,174.41797548333335,4.0,240.0,0.0,0.0,central,fulltime,4.0,42.4,3.94,evening,1.0,cargovan,north,2024-04-11 18:04:00,79.3,42073.0,active,v2.2,0.0,South Link,south,dispatch,78.0
I0137,DL00525,batteryalert,2024-04-22 08:02:00,low,closed,1.0,1,O00351,D038,V006,H01,2024-04-22 05:04:00,2024-04-22 05:42:26.815920,ontime,28.2,2.0,0.0,4.04,19.16,38.446932,1.0,60.0,0.0,0.0,south,fulltime,5.0,67.4,3.72,evening,1.0,ev,central,2025-11-22 06:39:00,78.6,141381.0,active,v2.1,0.0,North Exchange,north,dispatch,82.0
I0138,DL00050,appsyncerror,2025-09-05 05:30:00,medium,escalated,,2,,,,,,,,,,,,,,,,,,,,,,,,,,,,,,,,,,,,
I0139,DL00126,proofmissing,2024-04-09 17:00:00,medium,pendingvendor,11.4,2,O00547,D159,V001,H07,2024-04-09 14:36:00,2024-04-10 19:11:28.149157,delayed,17.68,0.0,0.0,2.6,10.92,1715.4691526166669,24.0,1440.0,1.0,0.0,airport,fulltime,11.0,68.6,4.18,morning,1.0,ev,north,2024-12-28 23:48:00,71.8,56928.0,active,v2.2,0.0,Riverside Hub,riverside,warehouse,66.0
I0140,DL00790,routedeviation,2024-10-26 16:14:00,high,open,10.9,3,O00628,D170,V039,H08,2024-10-26 12:51:00,2024-10-27 03:56:55.676864,delayed,12.25,0.0,1.0,3.68,5.21,905.9279477333333,12.0,720.0,1.0,0.0,west,fulltime,14.0,75.2,4.48,morning,1.0,ev,east,2025-01-01 01:38:00,69.5,37024.0,inrepair,v1.9,1.0,Midtown Relay,central,charging,63.0
I0141,DL00294,routedeviation,2025-10-20 03:35:00,low,closed,18.0,1,O00443,D093,V100,H08,2025-10-20 02:48:00,2025-10-20 11:47:02.861673,ontime,12.21,0.0,0.0,4.39,15.82,539.04769455,12.0,720.0,0.0,0.0,south,parttime,12.0,75.2,4.43,flexible,1.0,cargovan,east,2024-06-23 11:24:00,60.1,31876.0,active,v2.0,1.0,Midtown Relay,central,charging,63.0
I0142,DL00192,safetynearmiss,2025-08-18 23:10:00,medium,escalated,14.4,2,O00118,D095,V112,H04,2025-08-18 22:16:00,2025-08-19 03:23:10.590397,ontime,14.13,0.0,0.0,4.64,16.49,307.17650661666664,6.0,360.0,0.0,0.0,west,fulltime,12.0,99.0,3.15,night,1.0,ev,south,2024-06-08 07:45:00,94.1,19121.0,inrepair,v2.1,1.0,West Gate,west,dispatch,69.0
I0143,DL00848,vehiclefault,2024-02-12 16:28:00,high,open,14.5,3,O00633,D080,V091,H08,2024-02-12 13:23:00,2024-02-12 14:55:42.792793,ontime,20.03,3.0,0.0,3.93,10.97,92.71321321666666,2.0,120.0,0.0,0.0,central,fulltime,11.0,,4.35,flexible,1.0,hybrid,east,2025-08-24 05:20:00,58.5,172956.0,active,v1.9,1.0,Midtown Relay,central,charging,63.0
I0144,DL00288,customernoshow,2024-06-20 13:44:00,medium,open,5.5,2,O00636,D004,V064,H03,2024-06-20 10:05:00,2024-06-20 21:12:47.425266,delayed,14.61,0.0,0.0,1.0,15.39,667.7904211,4.0,240.0,1.0,0.0,airport,parttime,13.0,88.9,4.75,morning,1.0,cargovan,west,2025-12-28 22:35:00,67.3,219116.0,inrepair,v2.2,1.0,East Dock,east,warehouse,74.0
I0145,DL00418,batteryalert,2024-11-02 09:19:00,critical,closed,10.2,4,O00075,D167,V019,H06,2024-11-02 06:29:00,2024-11-02 08:58:56.396803,ontime,4.73,1.0,0.0,5.0,10.5,149.93994671666667,2.0,120.0,1.0,0.0,south,parttime,12.0,75.3,4.64,night,1.0,diesel,south,2024-10-21 23:22:00,70.4,151460.0,scheduled,v2.2,0.0,Airport Hub,airport,dispatch,71.0
I0146,DL00291,proofmissing,2024-11-27 06:22:00,low,closed,1.5,1,O00485,D100,V068,H04,2024-11-27 02:51:00,2024-11-27 04:40:02.445388,ontime,17.86,1.0,0.0,3.97,19.28,109.04075646666666,1.0,60.0,1.0,0.0,central,fulltime,4.0,62.0,4.31,flexible,1.0,hybrid,riverside,2024-06-28 15:49:00,97.5,73769.0,inrepair,v2.0,1.0,West Gate,west,dispatch,69.0
I0147,DL00771,customernoshow,2024-08-11 04:09:00,medium,closed,19.6,2,O00257,D003,V116,H01,2024-08-11 03:42:00,2024-08-11 07:16:26.127371,ontime,11.52,2.0,0.0,4.78,14.84,214.43545618333334,6.0,360.0,0.0,0.0,airport,fulltime,11.0,96.5,5.0,evening,1.0,diesel,east,2025-04-23 07:10:00,62.7,71822.0,active,v2.1,1.0,North Exchange,north,dispatch,82.0
I0148,DL00247,routedeviation,2024-12-31 13:52:00,low,closed,18.6,1,O00881,D056,V100,H08,2024-12-31 12:39:00,2024-12-31 18:10:16.768203,ontime,11.09,0.0,0.0,4.04,5.77,331.27947005,6.0,360.0,0.0,0.0,west,fulltime,12.0,74.6,4.45,evening,1.0,cargovan,east,2024-06-23 11:24:00,60.1,31876.0,active,v2.0,1.0,Midtown Relay,central,charging,63.0
I0149,DL00944,customernoshow,2024-01-10 08:12:00,medium,closed,3.1,2,O00336,D009,V067,H06,2024-01-10 06:09:00,2024-01-10 10:20:19.874213,ontime,16.01,2.0,0.0,4.04,12.32,251.33123688333333,6.0,360.0,0.0,0.0,airport,fulltime,15.0,63.4,3.8,night,1.0,hybrid,ctr,2025-11-15 00:12:00,57.3,176145.0,active,v2.0,1.0,Airport Hub,airport,dispatch,71.0
I0150,DL00714,proofmissing,2025-10-06 08:55:00,medium,pendingvendor,3.1,2,O00078,D140,V110,H04,2025-10-06 05:23:00,2025-10-06 11:04:38.381928,ontime,10.21,0.0,0.0,4.53,20.77,341.63969879999996,6.0,360.0,0.0,0.0,north,fulltime,7.0,80.1,3.92,morning,1.0,ev,east,2025-03-22 01:17:00,85.1,63717.0,active,v2.1,0.0,West Gate,west,dispatch,69.0
I0151,DL00569,customernoshow,2025-11-07 02:53:00,low,open,24.2,1,O00312,D066,V116,H01,2025-11-07 01:03:00,2025-11-07 05:18:29.822078,ontime,20.95,1.0,0.0,4.56,19.6,255.49703463333333,6.0,360.0,0.0,0.0,south,parttime,1.0,83.3,4.13,flexible,1.0,diesel,east,2025-04-23 07:10:00,62.7,71822.0,active,v2.1,1.0,North Exchange,north,dispatch,82.0
I0152,DL00548,appsyncerror,2024-06-25 12:34:00,medium,pendingvendor,17.6,2,O00537,D132,V039,H05,2024-06-25 11:02:00,2024-06-25 18:55:41.523219,failed,10.4,1.0,0.0,3.34,11.4,473.69205365,6.0,360.0,1.0,1.0,south,contract,8.0,77.6,4.2,evening,1.0,ev,east,2025-01-01 01:38:00,69.5,37024.0,inrepair,v1.9,1.0,Central Core,central,control,88.0
I0153,DL00766,appsyncerror,2025-01-27 07:51:00,medium,closed,10.5,2,O00371,D082,V088,H07,2025-01-27 04:54:00,2025-01-27 12:48:47.192242,failed,10.55,0.0,0.0,2.58,13.84,474.78653736666666,4.0,240.0,1.0,1.0,west,parttime,14.0,74.1,4.63,evening,1.0,diesel,north,2024-02-14 14:03:00,80.3,50427.0,inrepair,v2.1,1.0,Riverside Hub,riverside,warehouse,66.0
I0154,DL00603,batteryalert,2024-03-16 09:54:00,medium,open,13.0,2,,,,,,,,,,,,,,,,,,,,,,,,,,,,,,,,,,,,
I0155,DL00507,routedeviation,2025-04-30 01:04:00,high,open,18.4,3,,,,,,,,,,,,,,,,,,,,,,,,,,,,,,,,,,,,
I0156,DL00772,vehiclefault,2024-10-24 09:55:00,high,escalated,10.8,3,O01108,D135,V058,H07,2024-10-24 07:22:00,2024-10-24 12:22:16.408717,ontime,15.77,0.0,0.0,4.48,12.1,300.27347861666664,4.0,240.0,1.0,0.0,riverside,parttime,2.0,70.3,4.4,flexible,1.0,hybrid,central,2024-07-11 13:11:00,74.1,15138.0,active,v2.0,0.0,Riverside Hub,riverside,warehouse,66.0
I0157,DL00307,temperatureissue,2024-09-22 19:02:00,medium,closed,7.2,2,O00699,D089,V021,H03,2024-09-22 15:57:00,2024-09-23 01:06:05.325869,ontime,11.84,1.0,0.0,3.9,12.44,549.0887644833333,12.0,720.0,0.0,0.0,ctr,fulltime,2.0,71.1,4.57,night,1.0,diesel,central,2025-06-22 17:38:00,83.0,71294.0,active,v2.2,0.0,East Dock,east,warehouse,74.0
I0158,DL00308,customernoshow,2024-01-16 02:49:00,high,closed,4.6,3,O00495,D146,V046,H01,2024-01-16 01:13:00,2024-01-16 07:46:08.760014,ontime,8.6,0.0,0.0,3.55,10.89,393.1460002333333,6.0,360.0,1.0,0.0,airport,contract,1.0,,4.36,morning,1.0,ev,north,2024-07-11 13:31:00,95.8,101425.0,active,v1.9,0.0,North Exchange,north,dispatch,82.0
I0159,DL00776,vehiclefault,2024-11-19 17:18:00,medium,closed,1.4,2,,,,,,,,,,,,,,,,,,,,,,,,,,,,,,,,,,,,
I0160,DL00806,batteryalert,2025-12-28 15:15:00,low,closed,10.2,1,O00128,D117,V108,H07,2025-12-28 14:40:00,2025-12-30 04:18:53.684717,delayed,40.11,2.0,1.0,2.68,24.27,2258.894745283333,24.0,1440.0,1.0,0.0,north,fulltime,1.0,71.1,3.93,flexible,1.0,diesel,airport,2025-01-31 06:29:00,54.6,141290.0,inrepair,v1.9,1.0,Riverside Hub,riverside,warehouse,66.0
I0161,DL00402,appsyncerror,2024-12-04 02:29:00,medium,pendingvendor,8.9,2,O00539,D037,V005,H03,2024-12-04 02:08:00,2024-12-04 04:09:15.722168,ontime,10.83,0.0,0.0,5.0,9.69,121.26203613333334,6.0,360.0,0.0,0.0,north,parttime,7.0,63.9,4.67,morning,1.0,cargovan,west,2025-11-15 11:08:00,58.6,146638.0,active,v2.2,1.0,East Dock,east,warehouse,74.0
I0162,DL00231,temperatureissue,2024-03-28 02:07:00,medium,open,12.9,2,O00670,D014,V046,H05,2024-03-27 23:40:00,2024-03-28 02:54:39.523324,ontime,13.07,0.0,0.0,4.72,3.86,194.65872206666666,4.0,240.0,0.0,0.0,north,fulltime,6.0,76.1,4.7,evening,1.0,ev,north,2024-07-11 13:31:00,95.8,101425.0,active,v1.9,0.0,Central Core,central,control,88.0
I0163,DL00062,appsyncerror,2024-02-24 19:54:00,medium,open,4.9,2,O00567,D061,V007,H02,2024-02-24 16:31:00,2024-02-25 15:31:54.277282,ontime,1.2,0.0,0.0,5.0,7.32,1380.9046213666666,24.0,1440.0,0.0,0.0,riverside,contract,8.0,85.9,4.38,evening,1.0,diesel,airport,2025-09-17 08:52:00,68.6,78468.0,active,v2.2,1.0,South Link,south,dispatch,78.0
I0164,DL00844,routedeviation,2025-01-03 20:43:00,critical,closed,15.9,4,,,,,,,,,,,,,,,,,,,,,,,,,,,,,,,,,,,,
I0165,DL00057,vehiclefault,2024-12-09 12:50:00,medium,open,0.1,2,O00921,D141,V077,H04,2024-12-09 10:53:00,2024-12-09 20:18:39.821307,failed,10.91,0.0,0.0,1.22,6.59,565.66368845,4.0,240.0,1.0,1.0,north,parttime,14.0,71.4,3.44,flexible,1.0,ev,south,2025-04-23 19:27:00,67.6,116877.0,scheduled,v2.1,1.0,West Gate,west,dispatch,69.0
I0166,DL00529,temperatureissue,2024-09-01 09:50:00,high,escalated,8.1,3,O00822,D088,V114,H06,2024-09-01 09:19:00,2024-09-01 21:28:05.123766,failed,1.2,0.0,0.0,2.64,7.53,729.0853960999999,1.0,60.0,1.0,1.0,riverside,contract,4.0,84.3,4.17,morning,1.0,hybrid,north,2024-10-03 17:53:00,90.0,84649.0,active,v2.2,0.0,Airport Hub,airport,dispatch,71.0
I0167,DL00364,batteryalert,2024-01-14 04:25:00,low,pendingvendor,15.2,1,O00277,D056,V014,H04,2024-01-14 01:45:00,2024-01-14 08:12:31.903105,ontime,23.79,1.0,0.0,3.98,11.43,387.5317184166667,6.0,360.0,1.0,0.0,west,fulltime,12.0,74.6,4.45,evening,1.0,ev,airport,2025-05-24 12:36:00,100.0,206339.0,scheduled,v2.0,0.0,West Gate,west,dispatch,69.0
I0168,DL00820,temperatureissue,2024-12-13 20:11:00,high,closed,7.1,3,O01192,D069,V030,H05,2024-12-13 17:39:00,2024-12-14 01:45:53.860264,delayed,30.97,2.0,0.0,3.07,21.48,486.89767106666665,2.0,120.0,1.0,0.0,north,parttime,2.0,61.5,5.0,evening,0.0,cargovan,north,2025-09-14 07:20:00,78.0,134360.0,active,v2.1,0.0,Central Core,central,control,88.0
I0169,DL00443,customernoshow,2024-01-01 10:12:00,low,pendingvendor,9.1,1,O01170,D070,V097,H06,2024-01-01 08:44:00,2024-01-01 16:11:11.563209,ontime,3.65,0.0,0.0,3.34,12.85,447.19272015,6.0,360.0,1.0,0.0,south,fulltime,9.0,67.0,5.0,flexible,1.0,ev,ctr,2024-11-12 12:56:00,92.1,18680.0,active,v2.1,0.0,Airport Hub,airport,dispatch,71.0
I0170,DL00009,batteryalert,2024-04-12 22:24:00,medium,closed,7.4,2,O00297,D088,V029,H05,2024-04-12 21:33:00,2024-04-13 01:18:52.673288,ontime,40.23,1.0,0.0,3.7,15.78,225.87788813333333,6.0,360.0,0.0,0.0,riverside,contract,4.0,84.3,4.17,morning,1.0,ev,north,2024-12-04 10:53:00,,130270.0,active,v2.0,0.0,Central Core,central,control,88.0
I0171,DL00900,vehiclefault,2024-10-02 17:28:00,high,open,18.4,3,O00199,D039,V053,H07,2024-10-02 14:11:00,2024-10-03 02:06:29.294093,ontime,12.4,0.0,0.0,5.0,8.44,715.4882348833332,12.0,720.0,0.0,0.0,airport,contract,7.0,86.1,4.06,evening,1.0,cargovan,west,2024-04-23 20:57:00,73.7,122638.0,scheduled,v2.0,0.0,Riverside Hub,riverside,warehouse,66.0
I0172,DL00508,routedeviation,2024-08-19 21:21:00,high,pendingvendor,4.3,3,O00161,D015,V025,H03,2024-08-19 19:52:00,2024-08-20 07:24:22.258983,ontime,12.14,0.0,0.0,4.66,14.06,692.37098305,12.0,720.0,0.0,0.0,east,fulltime,11.0,85.1,4.34,morning,1.0,diesel,airport,2024-11-03 05:34:00,42.0,52074.0,active,v2.1,1.0,East Dock,east,warehouse,74.0
I0173,DL00300,customernoshow,2024-09-25 14:37:00,medium,open,17.9,2,,,,,,,,,,,,,,,,,,,,,,,,,,,,,,,,,,,,
I0174,DL00882,batteryalert,2024-06-26 16:01:00,medium,closed,,2,O01151,D039,V036,H03,2024-06-26 13:58:00,2024-06-27 02:26:43.512371,ontime,3.86,0.0,0.0,4.76,7.4,748.7252061833333,12.0,720.0,1.0,0.0,airport,contract,7.0,86.1,4.06,evening,1.0,diesel,north,2025-09-26 13:33:00,90.4,215767.0,inrepair,v2.1,1.0,East Dock,east,warehouse,74.0
I0175,DL00095,routedeviation,2024-01-08 02:06:00,medium,open,18.6,2,,,,,,,,,,,,,,,,,,,,,,,,,,,,,,,,,,,,
I0176,DL00262,vehiclefault,2025-04-09 22:47:00,high,closed,,3,O00762,D134,V038,H08,2025-04-09 22:31:00,2025-04-09 23:27:49.931018,ontime,5.51,0.0,0.0,4.14,10.11,56.83218363333334,4.0,240.0,0.0,0.0,south,parttime,4.0,61.5,3.59,flexible,1.0,cargovan,central,2025-03-16 12:29:00,81.6,68032.0,active,v2.1,0.0,Midtown Relay,central,charging,63.0
I0177,DL00068,routedeviation,2024-02-19 18:08:00,critical,escalated,18.1,4,O00828,D104,V046,H08,2024-02-19 15:15:00,2024-02-21 03:47:37.311854,failed,19.75,1.0,0.0,3.73,16.14,2192.6218642333333,24.0,1440.0,1.0,1.0,west,fulltime,15.0,87.7,3.45,morning,1.0,ev,north,2024-07-11 13:31:00,95.8,101425.0,active,v1.9,0.0,Midtown Relay,central,charging,63.0
I0178,DL00500,customernoshow,2024-09-01 06:27:00,low,pendingvendor,20.1,1,O00556,D017,V063,H02,2024-09-01 03:37:00,2024-09-01 05:39:15.173184,ontime,6.73,1.0,0.0,3.72,11.11,122.25288640000001,2.0,120.0,1.0,0.0,east,parttime,1.0,,4.34,morning,1.0,ev,central,2024-01-11 00:19:00,73.6,159860.0,active,v2.1,0.0,South Link,south,dispatch,78.0
I0179,DL00907,batteryalert,2024-04-17 03:46:00,low,closed,6.9,1,O00884,D096,V103,H08,2024-04-17 02:46:00,2024-04-17 08:08:07.579546,ontime,3.96,0.0,0.0,3.59,16.11,322.1263257666667,6.0,360.0,0.0,0.0,ctr,fulltime,4.0,56.4,4.03,morning,1.0,hybrid,north,2025-01-06 03:21:00,100.0,181609.0,inrepair,v2.1,1.0,Midtown Relay,central,charging,63.0
I0180,DL00001,proofmissing,2024-06-18 11:38:00,high,open,5.6,3,O00938,D004,V056,H05,2024-06-18 10:57:00,2024-06-19 09:05:59.904311,failed,17.26,1.0,0.0,3.07,12.05,1328.9984051833335,6.0,360.0,1.0,1.0,airport,parttime,13.0,88.9,4.75,morning,1.0,ev,central,2024-06-09 16:18:00,78.4,29849.0,active,v2.2,0.0,Central Core,central,control,88.0
I0181,DL00254,customernoshow,2024-12-29 16:47:00,low,open,25.3,1,O00933,D053,V084,H05,2024-12-29 13:26:00,2024-12-29 18:18:06.932349,ontime,11.34,1.0,0.0,4.09,12.33,292.11553914999996,6.0,360.0,0.0,0.0,west,fulltime,5.0,83.3,3.8,morning,1.0,cargovan,riverside,2024-12-23 06:28:00,47.6,53872.0,inrepair,v2.1,1.0,Central Core,central,control,88.0
I0182,DL00476,appsyncerror,2024-05-06 01:19:00,medium,pendingvendor,10.3,2,O00849,D094,V035,H07,2024-05-06 00:48:00,2024-05-06 14:59:17.100441,delayed,15.93,1.0,0.0,4.07,10.87,851.28500735,4.0,240.0,1.0,0.0,ctr,parttime,6.0,60.8,4.48,night,0.0,cargovan,east,2025-07-03 09:34:00,83.6,73804.0,active,v2.0,0.0,Riverside Hub,riverside,warehouse,66.0
I0183,DL00783,proofmissing,2025-02-20 01:08:00,low,closed,11.8,1,O00380,D099,V015,H07,2025-02-20 00:44:00,2025-02-20 20:49:44.816047,failed,8.95,2.0,1.0,1.67,16.86,1205.7469341166666,6.0,360.0,1.0,1.0,north,contract,10.0,82.7,3.48,night,1.0,cargovan,airport,2024-06-02 13:54:00,78.2,67614.0,inrepair,v1.9,1.0,Riverside Hub,riverside,warehouse,66.0
I0184,DL00688,batteryalert,2025-10-24 20:34:00,medium,open,7.2,2,O00385,D117,V068,H03,2025-10-24 17:08:00,2025-10-24 17:53:05.729635,ontime,17.58,0.0,0.0,4.16,13.79,45.09549391666667,4.0,240.0,0.0,0.0,north,fulltime,1.0,71.1,3.93,flexible,1.0,hybrid,riverside,2024-06-28 15:49:00,97.5,73769.0,inrepair,v2.0,1.0,East Dock,east,warehouse,74.0
I0185,DL00446,routedeviation,2025-10-21 03:58:00,high,closed,5.1,3,O00903,D002,V069,H07,2025-10-21 01:25:00,2025-10-21 07:22:35.310698,delayed,8.25,1.0,0.0,2.26,10.76,357.5885116333333,4.0,240.0,1.0,0.0,central,fulltime,4.0,42.4,3.94,evening,1.0,hybrid,central,2025-07-20 18:17:00,71.4,187158.0,active,v2.1,0.0,Riverside Hub,riverside,warehouse,66.0
I0186,DL00933,proofmissing,2025-12-23 14:27:00,medium,open,16.3,2,O01133,D032,V009,H02,2025-12-23 12:04:00,2025-12-24 12:43:50.593770,ontime,12.66,1.0,0.0,3.83,14.09,1479.8432295,24.0,1440.0,1.0,0.0,east,parttime,6.0,81.5,3.99,evening,1.0,cargovan,south,2025-05-01 08:50:00,68.8,156687.0,active,v2.1,1.0,South Link,south,dispatch,78.0
I0187,DL00404,proofmissing,2024-04-03 05:29:00,high,closed,5.6,3,O00502,D049,V025,H02,2024-04-03 03:48:00,2024-04-03 04:25:17.871676,ontime,7.84,0.0,0.0,3.14,11.38,37.29786126666667,4.0,240.0,0.0,0.0,central,contract,14.0,41.4,4.0,morning,1.0,diesel,airport,2024-11-03 05:34:00,42.0,52074.0,active,v2.1,1.0,South Link,south,dispatch,78.0
I0188,DL00274,batteryalert,2025-01-13 07:02:00,low,open,11.5,1,O01198,D080,V080,H02,2025-01-13 05:25:00,2025-01-13 06:53:29.209324,ontime,9.06,0.0,0.0,4.14,6.22,88.48682206666668,6.0,360.0,0.0,0.0,central,fulltime,11.0,,4.35,flexible,1.0,ev,east,2024-05-27 22:15:00,100.0,68844.0,active,v1.9,0.0,South Link,south,dispatch,78.0
I0189,DL00596,routedeviation,2025-06-22 01:34:00,high,escalated,23.7,3,,,,,,,,,,,,,,,,,,,,,,,,,,,,,,,,,,,,
I0190,DL00804,proofmissing,2025-11-09 06:08:00,medium,closed,7.2,2,O00015,D052,V097,H03,2025-11-09 05:43:00,2025-11-09 09:20:46.099682,ontime,9.3,1.0,0.0,3.94,9.13,217.76832803333335,6.0,360.0,0.0,0.0,riverside,fulltime,8.0,71.7,3.39,morning,1.0,ev,ctr,2024-11-12 12:56:00,92.1,18680.0,active,v2.1,0.0,East Dock,east,warehouse,74.0
I0191,DL00358,appsyncerror,2025-11-22 03:12:00,medium,closed,12.9,2,O00497,D022,V005,H02,2025-11-22 01:45:00,2025-11-23 02:04:47.304047,delayed,19.28,1.0,0.0,3.57,14.5,1459.7884007833334,12.0,720.0,1.0,0.0,east,fulltime,9.0,68.7,3.36,flexible,1.0,cargovan,west,2025-11-15 11:08:00,58.6,146638.0,active,v2.2,1.0,South Link,south,dispatch,78.0
I0192,DL00922,batteryalert,2024-03-08 22:15:00,medium,closed,0.1,2,O00399,D112,V090,H07,2024-03-08 19:10:00,2024-03-08 22:43:49.202012,delayed,12.65,5.0,1.0,3.39,14.07,213.82003353333332,4.0,240.0,0.0,0.0,east,fulltime,14.0,79.1,4.51,morning,1.0,hybrid,west,2024-08-16 01:10:00,93.8,98472.0,inrepair,v2.0,1.0,Riverside Hub,riverside,warehouse,66.0
I0193,DL00469,vehiclefault,2025-04-10 03:52:00,high,open,9.1,3,O00458,D027,V042,H03,2025-04-10 03:03:00,2025-04-11 05:15:10.466183,delayed,12.11,0.0,0.0,3.8,16.42,1572.1744363833334,12.0,720.0,1.0,0.0,airport,parttime,12.0,74.3,3.7,night,1.0,ev,east,2025-06-21 07:06:00,80.5,215870.0,inrepair,v1.9,1.0,East Dock,east,warehouse,74.0
I0194,DL00455,customernoshow,2024-04-12 12:07:00,low,escalated,6.0,1,O00914,D094,V098,H01,2024-04-12 08:41:00,2024-04-12 12:45:47.285486,ontime,10.3,1.0,0.0,4.14,7.0,244.78809143333334,6.0,360.0,0.0,0.0,ctr,parttime,6.0,60.8,4.48,night,0.0,diesel,west,2025-12-29 15:01:00,69.7,73011.0,active,v2.1,1.0,North Exchange,north,dispatch,82.0
I0195,DL00810,temperatureissue,2025-03-09 20:27:00,medium,escalated,16.3,2,O00116,D120,V053,H08,2025-03-09 16:49:00,2025-03-09 19:25:36.988970,ontime,15.23,0.0,0.0,5.0,11.22,156.61648283333335,4.0,240.0,0.0,0.0,north,parttime,3.0,76.9,3.72,morning,1.0,cargovan,west,2024-04-23 20:57:00,73.7,122638.0,scheduled,v2.0,0.0,Midtown Relay,central,charging,63.0
I0196,DL00013,vehiclefault,2025-01-26 10:52:00,medium,closed,0.2,2,O01031,D105,V085,H04,2025-01-26 08:29:00,2025-01-26 10:33:30.834127,ontime,6.01,2.0,0.0,3.96,11.52,124.51390211666667,6.0,360.0,0.0,0.0,riverside,contract,2.0,82.0,3.71,morning,1.0,cargovan,south,2025-09-30 12:01:00,87.3,145652.0,active,v2.1,0.0,West Gate,west,dispatch,69.0
I0197,DL00747,vehiclefault,2025-11-10 07:11:00,medium,pendingvendor,11.2,2,O00482,D008,V085,H08,2025-11-10 04:00:00,2025-11-10 08:22:40.558319,ontime,15.25,1.0,0.0,4.27,12.88,262.67597198333334,6.0,360.0,0.0,0.0,south,fulltime,9.0,84.1,3.88,morning,1.0,cargovan,south,2025-09-30 12:01:00,87.3,145652.0,active,v2.1,0.0,Midtown Relay,central,charging,63.0
I0198,DL00765,proofmissing,2024-01-01 06:44:00,medium,open,3.1,2,O00043,D126,V023,H06,2024-01-01 06:03:00,2024-01-01 15:35:48.325916,ontime,16.23,1.0,0.0,4.81,15.76,572.8054319333334,12.0,720.0,0.0,0.0,east,parttime,9.0,69.7,4.1,evening,1.0,hybrid,east,2024-01-07 23:54:00,70.7,188387.0,active,v2.1,0.0,Airport Hub,airport,dispatch,71.0
I0199,DL00190,proofmissing,2025-11-01 01:32:00,medium,open,33.8,2,O00875,D039,V003,H07,2025-10-31 23:21:00,2025-11-01 08:44:27.167343,ontime,2.25,0.0,0.0,4.79,7.74,563.45278905,12.0,720.0,0.0,0.0,airport,contract,7.0,86.1,4.06,evening,1.0,cargovan,north,2025-11-24 23:59:00,91.7,219359.0,active,v2.1,0.0,Riverside Hub,riverside,warehouse,66.0
I0200,DL00938,temperatureissue,2024-04-04 05:43:00,low,pendingvendor,16.7,1,O01246,D132,V109,H03,2024-04-04 03:20:00,2024-04-04 10:45:58.482629,failed,36.94,0.0,0.0,2.58,20.16,445.9747104833333,4.0,240.0,1.0,1.0,south,contract,8.0,77.6,4.2,evening,1.0,hybrid,airport,2024-10-17 11:15:00,60.6,193552.0,inrepair,v2.1,1.0,East Dock,east,warehouse,74.0
I0201,DL00170,routedeviation,2025-06-04 05:25:00,medium,pendingvendor,8.2,2,O00363,D020,V093,H04,2025-06-04 03:57:00,2025-06-04 05:40:45.827408,ontime,10.59,0.0,0.0,4.07,10.74,103.76379013333333,4.0,240.0,0.0,0.0,east,fulltime,6.0,,4.61,evening,1.0,cargovan,central,2025-03-04 19:16:00,69.2,119136.0,scheduled,v2.0,1.0,West Gate,west,dispatch,69.0
I0202,DL00661,proofmissing,2024-12-01 02:55:00,high,closed,5.0,3,O01038,D145,V067,H03,2024-12-01 01:45:00,2024-12-01 06:12:25.970798,ontime,19.41,2.0,0.0,4.41,17.61,267.4328466333333,6.0,360.0,0.0,0.0,north,fulltime,11.0,68.4,4.09,morning,1.0,hybrid,ctr,2025-11-15 00:12:00,57.3,176145.0,active,v2.0,1.0,East Dock,east,warehouse,74.0
I0203,DL00475,safetynearmiss,2024-06-03 11:44:00,medium,open,13.2,2,O01121,D074,V027,H07,2024-06-03 08:50:00,2024-06-03 17:50:35.358594,ontime,3.63,2.0,0.0,4.29,9.74,540.5893099,12.0,720.0,0.0,0.0,central,fulltime,12.0,79.5,4.61,evening,1.0,diesel,south,2025-08-12 12:37:00,78.6,51052.0,inrepair,v2.2,1.0,Riverside Hub,riverside,warehouse,66.0
I0204,DL00553,appsyncerror,2024-07-03 17:43:00,low,open,27.4,1,,,,,,,,,,,,,,,,,,,,,,,,,,,,,,,,,,,,
I0205,DL00253,proofmissing,2024-09-30 08:49:00,low,closed,13.5,1,O00325,D126,V033,H08,2024-09-30 05:43:00,2024-09-30 07:09:22.633894,ontime,5.12,1.0,0.0,4.24,9.16,86.37723156666667,2.0,120.0,0.0,0.0,east,parttime,9.0,69.7,4.1,evening,1.0,ev,airport,2024-09-19 18:57:00,78.6,55241.0,inrepair,v2.2,1.0,Midtown Relay,central,charging,63.0
I0206,DL00331,appsyncerror,2025-11-23 23:51:00,low,escalated,9.2,1,O01059,D005,V036,H07,2025-11-23 22:50:00,2025-11-24 01:57:10.991964,ontime,12.94,2.0,0.0,3.72,15.48,187.1831994,6.0,360.0,0.0,0.0,north,fulltime,3.0,69.7,4.14,morning,1.0,diesel,north,2025-09-26 13:33:00,90.4,215767.0,inrepair,v2.1,1.0,Riverside Hub,riverside,warehouse,66.0
I0207,DL00947,customernoshow,2024-10-25 17:54:00,low,open,14.7,1,O01082,D129,V019,H04,2024-10-25 15:52:00,2024-10-26 13:23:40.712696,ontime,10.8,0.0,0.0,4.13,11.79,1291.6785449333333,24.0,1440.0,0.0,0.0,north,fulltime,10.0,64.9,4.18,night,1.0,diesel,south,2024-10-21 23:22:00,70.4,151460.0,scheduled,v2.2,0.0,West Gate,west,dispatch,69.0
I0208,DL00225,proofmissing,2025-10-05 23:13:00,medium,closed,,2,O00056,D150,V044,H05,2025-10-05 20:44:00,2025-10-06 00:53:02.095072,ontime,6.21,2.0,0.0,3.98,14.94,249.03491786666666,4.0,240.0,1.0,0.0,east,fulltime,12.0,88.1,4.08,night,1.0,ev,airport,2025-02-14 20:35:00,91.8,111243.0,active,v2.2,0.0,Central Core,central,control,88.0
I0209,DL00434,proofmissing,2024-09-28 12:08:00,high,closed,2.3,3,O00395,D031,V063,H04,2024-09-28 10:53:00,2024-09-28 18:08:55.461530,delayed,16.69,0.0,1.0,3.34,16.51,435.9243588333333,1.0,60.0,1.0,0.0,north,fulltime,10.0,91.5,4.03,flexible,1.0,ev,central,2024-01-11 00:19:00,73.6,159860.0,active,v2.1,0.0,West Gate,west,dispatch,69.0
I0210,DL00650,vehiclefault,2025-11-29 08:07:00,medium,open,4.0,2,O00106,D097,V035,H01,2025-11-29 06:15:00,2025-11-29 11:03:53.803798,ontime,8.16,0.0,0.0,4.26,11.01,288.89672996666667,6.0,360.0,0.0,0.0,west,fulltime,2.0,79.1,4.48,flexible,1.0,cargovan,east,2025-07-03 09:34:00,83.6,73804.0,active,v2.0,0.0,North Exchange,north,dispatch,82.0
I0211,DL00943,routedeviation,2024-03-17 18:41:00,low,escalated,11.6,1,O00967,D087,V082,H01,2024-03-17 17:18:00,2024-03-17 22:14:16.038008,ontime,5.06,2.0,0.0,4.57,8.9,296.2673001333333,6.0,360.0,0.0,0.0,north,contract,13.0,73.3,4.43,night,1.0,ev,ctr,2024-02-03 08:40:00,81.2,81518.0,active,v2.1,0.0,North Exchange,north,dispatch,82.0
I0212,DL00391,routedeviation,2024-11-05 08:57:00,medium,closed,2.3,2,O00242,D119,V060,H06,2024-11-05 05:50:00,2024-11-05 08:19:49.718245,ontime,20.65,0.0,0.0,3.63,15.9,149.82863741666668,1.0,60.0,1.0,0.0,south,fulltime,5.0,56.0,3.55,flexible,1.0,cargovan,ctr,2025-09-09 03:22:00,80.2,65113.0,inrepair,v2.0,1.0,Airport Hub,airport,dispatch,71.0
I0213,DL00855,batteryalert,2025-01-08 14:27:00,medium,open,17.7,2,O00409,D154,V076,H08,2025-01-08 12:04:00,2025-01-09 09:15:54.067994,delayed,7.29,0.0,0.0,3.36,13.69,1271.9011332333332,6.0,360.0,1.0,0.0,airport,fulltime,4.0,67.0,4.35,evening,1.0,diesel,central,2025-06-19 15:52:00,65.8,106063.0,inrepair,v1.9,1.0,Midtown Relay,central,charging,63.0
I0214,DL00928,appsyncerror,2025-10-30 23:54:00,high,closed,,3,O00100,D023,V101,H05,2025-10-30 22:51:00,2025-10-31 19:39:28.294586,failed,12.72,0.0,1.0,3.15,21.6,1248.4715764333334,6.0,360.0,1.0,1.0,east,fulltime,11.0,79.1,4.16,night,1.0,hybrid,north,2024-07-10 00:56:00,84.8,106932.0,inrepair,v2.1,1.0,Central Core,central,control,88.0
I0215,DL00299,routedeviation,2024-04-29 23:25:00,critical,open,8.6,4,O01061,D121,V088,H07,2024-04-29 22:39:00,2024-04-29 23:45:53.493983,ontime,15.83,3.0,0.0,4.49,12.5,66.89156638333333,2.0,120.0,0.0,0.0,riverside,contract,3.0,,4.97,morning,1.0,diesel,north,2024-02-14 14:03:00,80.3,50427.0,inrepair,v2.1,1.0,Riverside Hub,riverside,warehouse,66.0
I0216,DL00094,batteryalert,2025-05-26 23:41:00,medium,closed,,2,O01026,D034,V012,H04,2025-05-26 22:56:00,2025-05-27 09:41:42.033675,delayed,4.66,0.0,0.0,3.72,16.6,645.70056125,1.0,60.0,1.0,0.0,west,fulltime,11.0,71.3,4.27,morning,1.0,hybrid,south,2024-04-15 00:26:00,56.2,52021.0,active,v2.1,1.0,West Gate,west,dispatch,69.0
I0217,DL00205,routedeviation,2024-09-18 00:46:00,low,closed,19.2,1,O00375,D039,V024,H03,2024-09-17 23:26:00,2024-09-18 02:13:34.429413,ontime,7.16,3.0,0.0,4.17,12.58,167.57382355,4.0,240.0,0.0,0.0,airport,contract,7.0,86.1,4.06,evening,1.0,ev,east,2025-05-26 12:28:00,74.9,56967.0,active,v2.1,0.0,East Dock,east,warehouse,74.0
I0218,DL00463,batteryalert,2025-09-17 02:24:00,medium,pendingvendor,18.1,2,O00271,D102,V023,H07,2025-09-17 00:16:00,2025-09-17 03:09:39.905714,ontime,8.97,0.0,0.0,3.56,12.95,173.66509523333335,4.0,240.0,0.0,0.0,east,parttime,10.0,67.6,4.62,morning,1.0,hybrid,east,2024-01-07 23:54:00,70.7,188387.0,active,v2.1,0.0,Riverside Hub,riverside,warehouse,66.0
I0219,DL00739,appsyncerror,2025-11-03 12:11:00,medium,pendingvendor,5.5,2,O00644,D087,V078,H08,2025-11-03 10:33:00,2025-11-04 00:52:43.389587,delayed,7.6,1.0,0.0,3.28,15.7,859.7231597833332,6.0,360.0,1.0,0.0,north,contract,13.0,73.3,4.43,night,1.0,cargovan,north,2024-03-04 20:00:00,78.4,153638.0,active,v2.1,0.0,Midtown Relay,central,charging,63.0
I0220,DL00894,batteryalert,2025-11-18 13:08:00,medium,closed,12.7,2,O00724,D094,V120,H06,2025-11-18 10:15:00,2025-11-18 22:57:13.153771,delayed,25.57,0.0,0.0,2.58,20.64,762.2192295166666,4.0,240.0,1.0,0.0,ctr,parttime,6.0,60.8,4.48,night,0.0,ev,central,2025-05-02 16:13:00,73.6,192246.0,active,v2.0,0.0,Airport Hub,airport,dispatch,71.0
I0221,DL00329,customernoshow,2025-10-01 22:29:00,critical,closed,3.2,4,O00805,D100,V047,H08,2025-10-01 20:47:00,2025-10-01 23:37:09.410468,ontime,1.62,0.0,0.0,4.03,11.74,170.15684113333333,6.0,360.0,0.0,0.0,central,fulltime,4.0,62.0,4.31,flexible,1.0,ev,ctr,2025-02-15 14:49:00,93.7,134347.0,scheduled,v2.2,0.0,Midtown Relay,central,charging,63.0
I0222,DL00706,appsyncerror,2025-07-12 06:38:00,medium,pendingvendor,,2,O00625,D164,V117,H08,2025-07-12 06:16:00,2025-07-13 05:40:23.019020,ontime,15.14,0.0,0.0,4.37,11.27,1404.3836503333334,24.0,1440.0,0.0,0.0,central,fulltime,5.0,76.1,4.07,flexible,1.0,hybrid,south,2025-01-11 11:13:00,65.5,163683.0,scheduled,v2.2,1.0,Midtown Relay,central,charging,63.0
I0223,DL00545,batteryalert,2024-06-16 08:16:00,high,escalated,17.3,3,O01067,D113,V072,H04,2024-06-16 04:56:00,2024-06-17 00:22:38.764981,delayed,12.43,0.0,0.0,5.0,13.31,1166.6460830166666,12.0,720.0,1.0,0.0,airport,parttime,8.0,70.5,4.47,evening,1.0,cargovan,airport,2025-02-24 19:07:00,78.1,89109.0,inrepair,v2.1,1.0,West Gate,west,dispatch,69.0
I0224,DL00325,vehiclefault,2024-11-06 13:19:00,medium,open,8.4,2,,,,,,,,,,,,,,,,,,,,,,,,,,,,,,,,,,,,
I0225,DL00447,vehiclefault,2025-04-12 21:13:00,medium,pendingvendor,1.6,2,O00812,D070,V043,H01,2025-04-12 19:06:00,2025-04-13 16:08:07.919948,ontime,9.36,1.0,0.0,4.55,9.47,1262.1319991333332,24.0,1440.0,0.0,0.0,south,fulltime,9.0,67.0,5.0,flexible,1.0,ev,south,2025-02-23 11:32:00,76.4,149922.0,scheduled,v2.0,0.0,North Exchange,north,dispatch,82.0
I0226,DL00248,temperatureissue,2025-08-22 18:22:00,low,closed,12.5,1,O00799,D099,V047,H02,2025-08-22 18:02:00,2025-08-23 17:33:16.669312,ontime,7.06,1.0,0.0,5.0,13.65,1411.2778218666667,24.0,1440.0,0.0,0.0,north,contract,10.0,82.7,3.48,night,1.0,ev,ctr,2025-02-15 14:49:00,93.7,134347.0,scheduled,v2.2,0.0,South Link,south,dispatch,78.0
I0227,DL00139,vehiclefault,2025-08-05 04:36:00,low,open,7.1,1,O01215,D140,V084,H05,2025-08-05 03:23:00,2025-08-05 12:37:39.102460,ontime,12.23,0.0,0.0,3.57,13.59,554.6517076666667,12.0,720.0,0.0,0.0,north,fulltime,7.0,80.1,3.92,morning,1.0,cargovan,riverside,2024-12-23 06:28:00,47.6,53872.0,inrepair,v2.1,1.0,Central Core,central,control,88.0
I0228,DL00038,batteryalert,2025-10-26 18:53:00,medium,closed,11.8,2,O00727,D096,V002,H02,2025-10-26 15:31:00,2025-10-26 16:43:11.478296,failed,8.82,2.0,0.0,3.43,13.21,72.19130493333334,2.0,120.0,0.0,1.0,ctr,fulltime,4.0,56.4,4.03,morning,1.0,ev,airport,2024-04-21 16:14:00,67.9,159368.0,inrepair,v2.2,1.0,South Link,south,dispatch,78.0
I0229,DL00557,vehiclefault,2024-11-19 16:54:00,medium,pendingvendor,12.8,2,O00781,D055,V027,H08,2024-11-19 14:07:00,2024-11-20 00:38:27.684151,ontime,17.54,2.0,0.0,5.0,13.31,631.4614025166667,12.0,720.0,0.0,0.0,central,fulltime,15.0,90.5,5.0,flexible,1.0,diesel,south,2025-08-12 12:37:00,78.6,51052.0,inrepair,v2.2,1.0,Midtown Relay,central,charging,63.0
I0230,DL00578,temperatureissue,2024-02-21 09:47:00,medium,escalated,1.3,2,O00115,D032,V108,H06,2024-02-21 08:24:00,2024-02-21 14:09:53.056302,ontime,11.09,0.0,0.0,4.55,7.9,345.8842717,6.0,360.0,0.0,0.0,east,parttime,6.0,81.5,3.99,evening,1.0,diesel,airport,2025-01-31 06:29:00,54.6,141290.0,inrepair,v1.9,1.0,Airport Hub,airport,dispatch,71.0
I0231,DL00272,customernoshow,2025-09-02 16:25:00,low,open,2.5,1,,,,,,,,,,,,,,,,,,,,,,,,,,,,,,,,,,,,
I0232,DL00464,temperatureissue,2024-05-02 18:19:00,medium,pendingvendor,29.3,2,O01124,D017,V016,H04,2024-05-02 17:53:00,2024-05-02 19:40:27.608348,ontime,16.51,0.0,0.0,3.76,9.45,107.46013913333333,4.0,240.0,0.0,0.0,east,parttime,1.0,,4.34,morning,1.0,ev,west,2024-10-13 19:38:00,63.5,84395.0,active,v2.1,1.0,West Gate,west,dispatch,69.0
I0233,DL00673,safetynearmiss,2024-09-29 11:20:00,high,pendingvendor,0.4,3,O00651,D125,V047,H03,2024-09-29 10:51:00,2024-09-29 14:22:58.189576,ontime,13.26,0.0,0.0,4.71,11.92,211.96982626666667,6.0,360.0,0.0,0.0,north,parttime,15.0,90.5,4.07,morning,1.0,ev,ctr,2025-02-15 14:49:00,93.7,134347.0,scheduled,v2.2,0.0,East Dock,east,warehouse,74.0
I0234,DL00194,customernoshow,2025-08-07 12:06:00,critical,closed,10.2,4,O00422,D053,V110,H01,2025-08-07 09:57:00,2025-08-07 22:44:40.533037,delayed,8.77,2.0,0.0,2.58,9.97,767.6755506166667,6.0,360.0,1.0,0.0,west,fulltime,5.0,83.3,3.8,morning,1.0,ev,east,2025-03-22 01:17:00,85.1,63717.0,active,v2.1,0.0,North Exchange,north,dispatch,82.0
I0235,DL00339,appsyncerror,2025-06-22 12:40:00,high,open,2.1,3,O00593,D073,V111,H04,2025-06-22 11:57:00,2025-06-22 16:52:49.829827,delayed,4.33,0.0,0.0,1.57,12.76,295.83049711666666,1.0,60.0,1.0,0.0,east,fulltime,11.0,76.9,4.58,evening,1.0,ev,west,2025-11-11 00:21:00,66.3,208147.0,active,v2.1,1.0,West Gate,west,dispatch,69.0
I0236,DL00108,customernoshow,2024-11-08 05:01:00,low,closed,11.7,1,O00620,D084,V009,H06,2024-11-08 01:38:00,2024-11-08 03:02:54.779512,ontime,13.73,1.0,0.0,4.73,17.52,84.91299186666667,2.0,120.0,0.0,0.0,central,parttime,2.0,47.2,3.99,evening,1.0,cargovan,south,2025-05-01 08:50:00,68.8,156687.0,active,v2.1,1.0,Airport Hub,airport,dispatch,71.0
I0237,DL00397,proofmissing,2024-03-10 18:24:00,critical,closed,11.8,4,O01199,D125,V049,H04,2024-03-10 16:57:00,2024-03-10 19:12:57.054704,delayed,10.5,2.0,0.0,4.61,9.36,135.95091173333333,1.0,60.0,1.0,0.0,north,parttime,15.0,90.5,4.07,morning,1.0,diesel,east,2025-12-09 16:47:00,55.9,15278.0,active,v2.2,1.0,West Gate,west,dispatch,69.0
I0238,DL00336,safetynearmiss,2025-02-21 18:42:00,low,closed,4.0,1,,,,,,,,,,,,,,,,,,,,,,,,,,,,,,,,,,,,
I0239,DL00239,customernoshow,2024-08-14 12:07:00,medium,escalated,10.8,2,O00052,D019,V010,H06,2024-08-14 09:02:00,2024-08-15 01:09:18.015871,delayed,13.6,1.0,0.0,3.72,16.0,967.3002645166667,12.0,720.0,1.0,0.0,riverside,fulltime,11.0,73.4,3.82,flexible,0.0,cargovan,north,2025-10-07 22:40:00,50.7,129032.0,inrepair,v2.1,1.0,Airport Hub,airport,dispatch,71.0
I0240,DL00213,customernoshow,2025-10-16 10:42:00,low,closed,14.9,1,O00807,D025,V073,H02,2025-10-16 07:59:00,2025-10-16 10:10:20.184358,ontime,8.57,0.0,0.0,4.33,10.42,131.33640596666666,4.0,240.0,0.0,0.0,north,fulltime,1.0,86.4,3.72,morning,1.0,hybrid,airport,2024-05-28 05:33:00,,191353.0,active,v2.1,0.0,South Link,south,dispatch,78.0
I0241,DL00189,customernoshow,2024-11-05 13:46:00,high,escalated,21.0,3,O01227,D011,V118,H06,2024-11-05 11:52:00,2024-11-05 18:23:23.067031,failed,14.51,1.0,0.0,2.43,12.83,391.3844505166666,2.0,120.0,1.0,1.0,east,fulltime,3.0,89.4,3.85,night,1.0,diesel,riverside,2025-02-18 12:40:00,78.0,145165.0,active,v2.1,0.0,Airport Hub,airport,dispatch,71.0
I0242,DL00798,appsyncerror,2024-08-01 00:27:00,low,closed,16.5,1,O00850,D046,V073,H07,2024-07-31 22:19:00,2024-08-01 02:44:15.525375,ontime,12.93,2.0,0.0,4.63,14.15,265.25875625,6.0,360.0,0.0,0.0,south,fulltime,5.0,82.2,4.06,morning,1.0,hybrid,airport,2024-05-28 05:33:00,,191353.0,active,v2.1,0.0,Riverside Hub,riverside,warehouse,66.0
I0243,DL00052,customernoshow,2025-05-06 14:07:00,medium,closed,25.6,2,O00554,D168,V020,H08,2025-05-06 10:37:00,2025-05-06 20:57:25.303009,delayed,26.380000000000003,1.0,1.0,2.52,24.54,620.4217168166667,2.0,120.0,1.0,0.0,north,fulltime,12.0,93.6,3.84,morning,1.0,hybrid,riverside,2024-10-26 11:25:00,82.3,187051.0,scheduled,v2.1,0.0,Midtown Relay,central,charging,63.0
I0244,DL00421,appsyncerror,2025-07-06 00:57:00,critical,closed,10.3,4,O00286,D026,V039,H02,2025-07-05 22:02:00,2025-07-06 03:09:23.122074,ontime,17.73,1.0,0.0,4.49,8.92,307.3853679,6.0,360.0,0.0,0.0,north,parttime,4.0,84.9,3.15,night,0.0,ev,east,2025-01-01 01:38:00,69.5,37024.0,inrepair,v1.9,1.0,South Link,south,dispatch,78.0
I0245,DL00347,proofmissing,2024-12-09 02:59:00,low,open,20.8,1,O00343,D026,V030,H03,2024-12-09 02:01:00,2024-12-09 11:31:00.186861,delayed,15.62,0.0,1.0,3.94,18.0,570.00311435,2.0,120.0,1.0,0.0,north,parttime,4.0,84.9,3.15,night,0.0,cargovan,north,2025-09-14 07:20:00,78.0,134360.0,active,v2.1,0.0,East Dock,east,warehouse,74.0
I0246,DL00720,temperatureissue,2025-10-13 23:28:00,high,escalated,8.2,3,O01179,D097,V102,H06,2025-10-13 21:10:00,2025-10-14 08:32:17.261543,delayed,9.37,1.0,0.0,3.0,9.84,682.2876923833334,6.0,360.0,1.0,0.0,west,fulltime,2.0,79.1,4.48,flexible,1.0,ev,west,2024-10-24 12:35:00,77.0,198326.0,active,v2.0,0.0,Airport Hub,airport,dispatch,71.0
I0247,DL00707,routedeviation,2025-11-12 10:47:00,critical,open,,4,,,,,,,,,,,,,,,,,,,,,,,,,,,,,,,,,,,,
I0248,DL00371,batteryalert,2024-03-31 09:36:00,high,open,18.5,3,O01079,D158,V069,H03,2024-03-31 08:45:00,2024-04-01 08:18:08.744449,ontime,17.43,0.0,0.0,3.57,10.98,1413.1457408166668,24.0,1440.0,0.0,0.0,central,fulltime,5.0,81.4,4.45,morning,1.0,hybrid,central,2025-07-20 18:17:00,71.4,187158.0,active,v2.1,0.0,East Dock,east,warehouse,74.0
I0249,DL00404,safetynearmiss,2024-04-03 04:11:00,medium,pendingvendor,6.4,2,O00502,D049,V025,H02,2024-04-03 03:48:00,2024-04-03 04:25:17.871676,ontime,7.84,0.0,0.0,3.14,11.38,37.29786126666667,4.0,240.0,0.0,0.0,central,contract,14.0,41.4,4.0,morning,1.0,diesel,airport,2024-11-03 05:34:00,42.0,52074.0,active,v2.1,1.0,South Link,south,dispatch,78.0
I0250,DL00378,customernoshow,2025-05-14 02:12:00,high,closed,33.9,3,O00070,D111,V037,H02,2025-05-13 23:09:00,2025-05-14 15:42:14.054302,failed,7.92,0.0,0.0,2.14,7.93,993.2342383666667,4.0,240.0,1.0,1.0,airport,fulltime,15.0,79.2,4.12,night,1.0,cargovan,south,2025-06-13 23:43:00,56.6,52146.0,inrepair,v1.9,1.0,South Link,south,dispatch,78.0
I0251,DL00135,customernoshow,2025-07-28 06:36:00,high,escalated,,3,O00225,D069,V075,H03,2025-07-28 04:31:00,2025-07-29 01:14:21.599308,failed,10.34,2.0,0.0,3.6,9.3,1243.3599884666667,1.0,60.0,1.0,1.0,north,parttime,2.0,61.5,5.0,evening,0.0,diesel,west,2024-04-12 02:10:00,85.5,32441.0,inrepair,v2.1,1.0,East Dock,east,warehouse,74.0
I0252,DL00016,vehiclefault,2025-06-12 02:24:00,medium,pendingvendor,3.8,2,O01220,D010,V091,H08,2025-06-12 01:47:00,2025-06-12 04:51:00.780258,ontime,18.25,1.0,0.0,5.0,12.61,184.0130043,6.0,360.0,0.0,0.0,west,fulltime,8.0,70.0,3.95,evening,1.0,hybrid,east,2025-08-24 05:20:00,58.5,172956.0,active,v1.9,1.0,Midtown Relay,central,charging,63.0
I0253,DL00388,proofmissing,2024-12-11 14:31:00,low,pendingvendor,21.0,1,O00886,D088,V086,H05,2024-12-11 11:37:00,2024-12-11 14:15:40.274228,ontime,10.71,1.0,0.0,4.64,9.36,158.67123713333334,1.0,60.0,1.0,0.0,riverside,contract,4.0,84.3,4.17,morning,1.0,ev,central,2024-02-25 07:56:00,82.8,42307.0,scheduled,v2.2,0.0,Central Core,central,control,88.0
I0254,DL00275,vehiclefault,2025-02-09 20:10:00,high,closed,23.6,3,O00697,D002,V012,H07,2025-02-09 18:46:00,2025-02-09 23:36:15.049502,ontime,1.96,0.0,0.0,4.25,8.32,290.25082503333334,6.0,360.0,0.0,0.0,central,fulltime,4.0,42.4,3.94,evening,1.0,hybrid,south,2024-04-15 00:26:00,56.2,52021.0,active,v2.1,1.0,Riverside Hub,riverside,warehouse,66.0
I0255,DL00468,batteryalert,2025-04-20 07:56:00,high,escalated,22.9,3,,,,,,,,,,,,,,,,,,,,,,,,,,,,,,,,,,,,
I0256,DL00073,temperatureissue,2025-07-23 07:40:00,critical,closed,20.0,4,O00421,D141,V092,H08,2025-07-23 07:06:00,2025-07-24 05:47:40.524208,ontime,19.34,3.0,0.0,4.68,17.54,1361.6754034666667,24.0,1440.0,0.0,0.0,north,parttime,14.0,71.4,3.44,flexible,1.0,hybrid,east,2024-01-07 14:19:00,80.5,36143.0,inrepair,v2.1,1.0,Midtown Relay,central,charging,63.0
I0257,DL00075,vehiclefault,2024-08-06 06:54:00,medium,closed,3.0,2,O01239,D169,V047,H02,2024-08-06 04:24:00,2024-08-06 05:22:04.347228,ontime,13.25,3.0,0.0,3.24,11.94,58.0724538,2.0,120.0,0.0,0.0,east,contract,5.0,77.6,3.81,flexible,1.0,ev,ctr,2025-02-15 14:49:00,93.7,134347.0,scheduled,v2.2,0.0,South Link,south,dispatch,78.0
I0258,DL00036,appsyncerror,2024-11-09 01:48:00,low,open,19.9,1,O00652,D158,V106,H06,2024-11-08 22:14:00,2024-11-09 04:09:12.967657,ontime,15.77,1.0,0.0,4.35,13.68,355.2161276166667,4.0,240.0,1.0,0.0,central,fulltime,5.0,81.4,4.45,morning,1.0,cargovan,north,2024-05-06 13:52:00,74.9,93084.0,active,v2.1,0.0,Airport Hub,airport,dispatch,71.0
I0259,DL00703,proofmissing,2025-04-24 11:49:00,critical,open,9.6,4,O01098,D136,V020,H06,2025-04-24 09:34:00,2025-04-24 15:44:51.782386,delayed,11.16,1.0,0.0,2.82,12.56,370.86303976666665,2.0,120.0,1.0,0.0,airport,fulltime,4.0,89.5,3.99,evening,1.0,hybrid,riverside,2024-10-26 11:25:00,82.3,187051.0,scheduled,v2.1,0.0,Airport Hub,airport,dispatch,71.0
I0260,DL00800,vehiclefault,2024-04-20 04:36:00,low,pendingvendor,6.1,1,O01147,D001,V008,H02,2024-04-20 00:58:00,2024-04-20 13:46:46.149267,delayed,10.59,1.0,0.0,3.41,13.12,768.76915445,2.0,120.0,1.0,0.0,airport,fulltime,8.0,67.8,3.54,morning,1.0,ev,riverside,2025-06-14 03:47:00,90.5,49711.0,active,v2.0,0.0,South Link,south,dispatch,78.0
I0261,DL00599,customernoshow,2025-02-20 09:24:00,critical,closed,19.0,4,O01150,D133,V112,H01,2025-02-20 06:18:00,2025-02-20 07:36:40.669805,ontime,7.34,0.0,0.0,5.0,4.99,78.67783008333335,1.0,60.0,1.0,0.0,south,contract,12.0,88.2,3.99,flexible,1.0,ev,south,2024-06-08 07:45:00,94.1,19121.0,inrepair,v2.1,1.0,North Exchange,north,dispatch,82.0
I0262,DL00674,safetynearmiss,2024-01-16 07:01:00,low,open,6.5,1,O00456,D005,V078,H01,2024-01-16 04:57:00,2024-01-16 07:20:04.951071,ontime,12.96,1.0,0.0,4.96,8.1,143.08251785,2.0,120.0,1.0,0.0,north,fulltime,3.0,69.7,4.14,morning,1.0,cargovan,north,2024-03-04 20:00:00,78.4,153638.0,active,v2.1,0.0,North Exchange,north,dispatch,82.0
I0263,DL00945,routedeviation,2025-01-24 07:15:00,low,closed,2.5,1,O00197,D075,V074,H03,2025-01-24 05:04:00,2025-01-24 07:26:38.824570,ontime,8.74,1.0,0.0,4.39,12.97,142.64707616666666,2.0,120.0,1.0,0.0,airport,fulltime,13.0,99.0,3.62,evening,1.0,cargovan,east,2025-06-05 03:01:00,62.4,18034.0,active,v2.1,1.0,East Dock,east,warehouse,74.0
I0264,DL00772,vehiclefault,2024-10-24 07:59:00,high,escalated,21.2,3,O01108,D135,V058,H07,2024-10-24 07:22:00,2024-10-24 12:22:16.408717,ontime,15.77,0.0,0.0,4.48,12.1,300.27347861666664,4.0,240.0,1.0,0.0,riverside,parttime,2.0,70.3,4.4,flexible,1.0,hybrid,central,2024-07-11 13:11:00,74.1,15138.0,active,v2.0,0.0,Riverside Hub,riverside,warehouse,66.0
I0265,DL00734,customernoshow,2025-01-20 01:08:00,high,open,2.1,3,O00317,D106,V089,H02,2025-01-19 23:25:00,2025-01-20 05:14:31.689455,ontime,12.54,0.0,0.0,3.99,12.79,349.5281575833333,6.0,360.0,0.0,0.0,central,contract,12.0,71.9,3.66,morning,1.0,cargovan,central,2025-09-27 07:15:00,93.6,136082.0,inrepair,v1.9,1.0,South Link,south,dispatch,78.0
I0266,DL00608,vehiclefault,2024-12-28 18:53:00,medium,open,4.9,2,O00357,D143,V042,H01,2024-12-28 16:27:00,2024-12-28 16:28:21.233113,ontime,9.33,2.0,0.0,4.24,8.18,1.3538852166666666,2.0,120.0,0.0,0.0,central,fulltime,6.0,68.5,4.14,night,1.0,ev,east,2025-06-21 07:06:00,80.5,215870.0,inrepair,v1.9,1.0,North Exchange,north,dispatch,82.0
I0267,DL00874,appsyncerror,2025-03-08 08:30:00,high,escalated,15.2,3,O01012,D006,V088,H02,2025-03-08 05:38:00,2025-03-08 16:05:25.585889,delayed,10.15,0.0,1.0,2.81,12.54,627.4264314833333,1.0,60.0,1.0,0.0,central,fulltime,8.0,78.8,4.38,flexible,1.0,diesel,north,2024-02-14 14:03:00,80.3,50427.0,inrepair,v2.1,1.0,South Link,south,dispatch,78.0
I0268,DL00108,routedeviation,2024-11-08 01:48:00,low,open,17.5,1,O00620,D084,V009,H06,2024-11-08 01:38:00,2024-11-08 03:02:54.779512,ontime,13.73,1.0,0.0,4.73,17.52,84.91299186666667,2.0,120.0,0.0,0.0,central,parttime,2.0,47.2,3.99,evening,1.0,cargovan,south,2025-05-01 08:50:00,68.8,156687.0,active,v2.1,1.0,Airport Hub,airport,dispatch,71.0
I0269,DL00153,routedeviation,2024-08-05 11:52:00,low,closed,23.3,1,O00893,D115,V007,H01,2024-08-05 08:55:00,2024-08-06 02:10:16.054319,failed,12.85,1.0,0.0,3.96,15.21,1035.2675719833335,2.0,120.0,1.0,1.0,south,fulltime,11.0,69.5,4.77,morning,1.0,diesel,airport,2025-09-17 08:52:00,68.6,78468.0,active,v2.2,1.0,North Exchange,north,dispatch,82.0
I0270,DL00539,temperatureissue,2024-05-13 02:53:00,low,escalated,8.4,1,O01160,D067,V111,H03,2024-05-13 01:19:00,2024-05-13 03:22:01.712270,ontime,13.52,0.0,0.0,4.95,10.35,123.02853783333333,4.0,240.0,0.0,0.0,west,fulltime,11.0,77.0,4.84,morning,1.0,ev,west,2025-11-11 00:21:00,66.3,208147.0,active,v2.1,1.0,East Dock,east,warehouse,74.0
I0271,DL00755,routedeviation,2024-01-05 07:16:00,medium,open,,2,O01073,D084,V024,H08,2024-01-05 05:34:00,2024-01-05 21:45:54.509466,delayed,21.74,1.0,0.0,2.22,13.13,971.9084911000001,6.0,360.0,1.0,0.0,central,parttime,2.0,47.2,3.99,evening,1.0,ev,east,2025-05-26 12:28:00,74.9,56967.0,active,v2.1,0.0,Midtown Relay,central,charging,63.0
I0272,DL00050,batteryalert,2025-09-05 05:18:00,high,closed,20.3,3,,,,,,,,,,,,,,,,,,,,,,,,,,,,,,,,,,,,
I0273,DL00369,customernoshow,2024-02-12 23:47:00,medium,closed,15.8,2,O00366,D011,V044,H05,2024-02-12 22:37:00,2024-02-14 06:15:16.530828,delayed,13.48,0.0,0.0,1.44,12.48,1898.2755138,24.0,1440.0,1.0,0.0,east,fulltime,3.0,89.4,3.85,night,1.0,ev,airport,2025-02-14 20:35:00,91.8,111243.0,active,v2.2,0.0,Central Core,central,control,88.0
I0274,DL00561,temperatureissue,2024-07-20 08:57:00,critical,closed,2.7,4,,,,,,,,,,,,,,,,,,,,,,,,,,,,,,,,,,,,
I0275,DL00804,routedeviation,2025-11-09 06:06:00,low,closed,16.9,1,O00015,D052,V097,H03,2025-11-09 05:43:00,2025-11-09 09:20:46.099682,ontime,9.3,1.0,0.0,3.94,9.13,217.76832803333335,6.0,360.0,0.0,0.0,riverside,fulltime,8.0,71.7,3.39,morning,1.0,ev,ctr,2024-11-12 12:56:00,92.1,18680.0,active,v2.1,0.0,East Dock,east,warehouse,74.0
I0276,DL00472,safetynearmiss,2025-12-01 22:02:00,high,pendingvendor,6.5,3,O00042,D113,V046,H01,2025-12-01 19:10:00,2025-12-03 08:16:03.110618,delayed,10.28,0.0,0.0,3.59,5.13,2226.0518436333336,24.0,1440.0,1.0,0.0,airport,parttime,8.0,70.5,4.47,evening,1.0,ev,north,2024-07-11 13:31:00,95.8,101425.0,active,v1.9,0.0,North Exchange,north,dispatch,82.0
I0277,DL00116,customernoshow,2025-10-14 15:24:00,low,closed,18.1,1,O00121,D023,V047,H06,2025-10-14 13:45:00,2025-10-15 08:06:51.715228,delayed,19.9,0.0,0.0,2.92,21.64,1101.8619204666668,6.0,360.0,1.0,0.0,east,fulltime,11.0,79.1,4.16,night,1.0,ev,ctr,2025-02-15 14:49:00,93.7,134347.0,scheduled,v2.2,0.0,Airport Hub,airport,dispatch,71.0
I0278,DL00725,temperatureissue,2025-11-29 00:45:00,low,closed,17.8,1,O01115,D140,V094,H06,2025-11-29 00:00:00,2025-11-29 16:20:27.980617,failed,13.65,1.0,0.0,2.1,12.34,980.4663436166667,1.0,60.0,1.0,1.0,north,fulltime,7.0,80.1,3.92,morning,1.0,cargovan,central,2025-05-22 02:15:00,65.9,159262.0,scheduled,v1.9,1.0,Airport Hub,airport,dispatch,71.0
I0279,DL00089,appsyncerror,2025-04-01 17:37:00,low,open,20.1,1,O00241,D010,V112,H03,2025-04-01 15:27:00,2025-04-01 20:28:34.310529,failed,8.27,0.0,0.0,2.56,6.94,301.57184214999995,2.0,120.0,1.0,1.0,west,fulltime,8.0,70.0,3.95,evening,1.0,ev,south,2024-06-08 07:45:00,94.1,19121.0,inrepair,v2.1,1.0,East Dock,east,warehouse,74.0
I0280,DL00219,batteryalert,2024-08-07 06:39:00,medium,pendingvendor,0.4,2,O00513,D087,V118,H07,2024-08-07 05:33:00,2024-08-07 09:00:38.553343,ontime,14.41,1.0,0.0,4.59,12.65,207.64255571666666,4.0,240.0,0.0,0.0,north,contract,13.0,73.3,4.43,night,1.0,diesel,riverside,2025-02-18 12:40:00,78.0,145165.0,active,v2.1,0.0,Riverside Hub,riverside,warehouse,66.0
