order_id,customer_id,service_type,order_created_at,promised_window_hours,pickup_zone,dropoff_zone,priority_level,order_value,booking_channel,special_handling_flag
O00001,C0292,passenger,2024-08-20 14:43:00,6,airport,south,medium,126.65,app,0
O00002,C0459,passenger,2024-05-14 22:16:00,24,north,airport,low,109.3,app,0
O00003,C0161,passenger,2025-09-02 14:37:00,4,west,airport,high,33.5,phone,0
O00004,C0520,parcel,2025-01-11 17:15:00,2,riverside,north,medium,10.04,app,1
O00005,C0558,retail,2025-02-17 19:32:00,12,riverside,south,low,125.58,phone,0
O00006,C0437,retail,2024-08-05 04:55:00,1,central,east,high,151.44,web,1
O00007,C0001,business,2024-05-05 21:32:00,2,central,airport,low,76.12,app,0
O00008,C0157,parcel,2024-04-03 17:54:00,4,riverside,riverside,medium,35.06,phone,0
O00009,C0141,retail,2024-10-03 23:49:00,12,north,east,critical,78.93,app,0
O00010,C0171,retail,2025-01-29 00:42:00,6,south,north,low,34.55,phone,0
O00011,C0340,parcel,2025-08-04 04:19:00,12,west,central,low,79.1,phone,0
O00012,C0567,business,2024-01-16 12:45:00,12,east,airport,medium,135.67,app,0
O00013,C0234,retail,2024-03-29 22:11:00,24,airport,central,medium,302.7,app,0
O00014,C0318,passenger,2024-08-25 10:12:00,6,ctr,ctr,low,90.96,phone,0
O00015,C0300,business,2025-11-09 03:04:00,6,south,east,high,145.58,web,0
O00016,C0022,parcel,2025-07-29 11:51:00,6,central,ctr,medium,92.66,app,0
O00017,C0499,parcel,2025-05-27 09:12:00,24,airport,south,low,60.9,app,0
O00018,C0506,passenger,2024-03-08 22:19:00,6,north,riverside,high,121.11,phone,0
O00019,C0425,passenger,2024-03-31 07:18:00,6,north,central,low,56.26,phone,0
O00020,C0249,retail,2024-05-09 22:25:00,2,west,airport,medium,100.78,app,0
O00021,C0218,passenger,2024-10-16 11:25:00,2,west,north,medium,49.99,web,0
O00022,C0594,retail,2025-04-20 20:56:00,12,riverside,central,medium,134.88,phone,0
O00023,C0077,passenger,2025-10-05 04:59:00,4,north,north,medium,122.25,app,0
O00024,C0397,passenger,2024-10-10 05:01:00,6,south,riverside,high,132.2,app,1
O00025,C0297,passenger,2025-01-10 21:51:00,6,north,riverside,critical,66.51,app,0
O00026,C0193,parcel,2025-11-10 22:22:00,24,east,west,high,51.09,app,0
O00027,C0024,parcel,2025-02-26 00:42:00,4,riverside,north,medium,96.62,app,0
O00028,C0160,retail,2025-12-21 22:29:00,4,north,south,high,59.44,app,0
O00029,C0366,medical,2024-09-11 12:22:00,24,east,ctr,medium,190.94,web,0
O00030,C0406,medical,2025-10-05 03:11:00,12,north,east,low,44.84,app,0
O00031,C0573,passenger,2024-10-25 03:17:00,24,east,airport,medium,55.14,app,0
O00032,C0297,passenger,2025-09-15 23:14:00,1,central,east,medium,126.43,app,1
O00033,C0471,retail,2025-12-30 21:02:00,6,north,east,low,36.7,phone,1
O00034,C0023,retail,2025-02-18 01:38:00,2,north,south,low,40.88,app,0
O00035,C0524,business,2024-06-14 13:12:00,4,north,central,medium,209.07,web,0
O00036,C0126,parcel,2024-11-06 04:24:00,4,riverside,north,medium,73.14,app,0
O00037,C0015,retail,2024-02-10 17:19:00,24,east,airport,low,119.31,phone,0
O00038,C0142,retail,2025-10-06 20:11:00,2,riverside,east,medium,168.48,phone,0
O00039,C0351,parcel,2025-08-01 07:36:00,6,east,riverside,low,54.85,web,1
O00040,C0014,parcel,2025-05-24 22:33:00,1,north,airport,low,74.65,app,0
O00041,C0243,retail,2024-09-17 13:42:00,12,riverside,west,low,19.15,app,0
O00042,C0606,retail,2025-12-01 18:22:00,24,riverside,ctr,medium,133.72,phone,1
O00043,C0416,retail,2024-01-01 03:53:00,12,east,riverside,medium,48.59,api,0
O00044,C0227,business,2025-11-02 09:57:00,4,west,riverside,medium,61.45,phone,1
O00045,C0326,parcel,2024-02-13 18:38:00,6,south,airport,critical,56.64,,0
O00046,C0538,parcel,2025-12-13 01:15:00,4,north,central,high,85.48,app,0
O00047,C0220,medical,2025-11-28 03:02:00,2,west,north,medium,39.57,app,0
O00048,C0145,medical,2024-11-22 06:49:00,4,riverside,north,low,43.37,app,0
O00049,C0380,passenger,2024-12-19 23:58:00,2,west,south,low,66.46,phone,1
O00050,C0544,passenger,2024-03-29 13:44:00,1,north,ctr,low,33.93,app,0
O00051,C0185,business,2025-02-07 23:39:00,12,airport,east,critical,14.48,web,1
O00052,C0150,retail,2024-08-14 08:33:00,12,north,riverside,medium,293.65,api,0
O00053,C0054,parcel,2024-04-02 11:27:00,24,east,east,low,73.56,app,0
O00054,C0478,medical,2025-03-29 10:44:00,4,north,north,low,54.41,web,0
O00055,C0454,retail,2025-05-30 23:44:00,2,airport,riverside,medium,73.7,app,0
O00056,C0271,parcel,2025-10-05 20:28:00,4,south,central,high,160.35,web,0
O00057,C0226,business,2025-06-04 01:43:00,4,east,north,medium,194.03,app,0
O00058,C0083,passenger,2025-12-16 06:27:00,2,south,east,critical,51.95,web,0
O00059,C0640,passenger,2025-11-20 16:54:00,2,central,airport,medium,20.32,web,0
O00060,C0258,medical,2024-05-10 15:48:00,6,north,east,critical,37.52,web,0
O00061,C0289,passenger,2024-07-12 01:44:00,6,airport,north,high,238.9,web,1
O00062,C0177,passenger,2025-07-26 08:11:00,4,west,airport,medium,45.44,web,0
O00063,C0168,retail,2025-07-13 05:49:00,12,south,airport,low,57.56,app,0
O00064,C0346,business,2025-10-14 07:34:00,12,central,riverside,high,45.43,app,0
O00065,C0285,parcel,2024-09-23 07:03:00,4,south,west,high,61.59,app,0
O00066,C0421,passenger,2024-06-21 11:22:00,4,south,east,low,237.58,app,0
O00067,C0339,passenger,2025-02-25 02:12:00,6,west,west,critical,131.1,web,0
O00068,C0084,parcel,2025-10-13 09:08:00,2,riverside,east,medium,40.58,app,0
O00069,C0369,passenger,2024-05-19 21:45:00,12,airport,riverside,medium,103.29,phone,1
O00070,C0125,retail,2025-05-13 21:30:00,4,ctr,airport,low,165.63,app,0
O00071,C0109,medical,2024-08-31 22:15:00,1,north,south,low,157.58,phone,0
O00072,C0060,medical,2024-01-07 16:44:00,2,west,riverside,medium,7.32,app,0
O00073,C0331,passenger,2025-03-31 04:59:00,4,ctr,south,high,30.82,app,0
O00074,C0644,parcel,2025-10-18 11:44:00,6,riverside,riverside,critical,20.6,app,0
O00075,C0026,business,2024-11-02 04:56:00,2,north,east,medium,85.65,web,0
O00076,C0075,retail,2025-12-25 04:37:00,4,ctr,riverside,low,100.62,phone,0
O00077,C0543,medical,2025-07-30 07:21:00,4,riverside,central,low,150.98,app,0
O00078,C0434,parcel,2025-10-06 03:35:00,6,west,riverside,medium,94.04,app,0
O00079,C0353,parcel,2025-03-10 05:43:00,2,west,airport,medium,48.85,app,0
O00080,C0082,parcel,2025-11-13 04:38:00,4,south,south,medium,135.71,app,0
O00081,C0004,passenger,2025-04-17 12:53:00,6,west,airport,low,208.38,app,0
O00082,C0531,retail,2024-07-30 03:44:00,12,central,west,medium,36.55,app,0
O00083,C0215,medical,2024-10-23 00:23:00,2,airport,south,low,127.88,app,0
O00084,C0103,passenger,2025-05-13 06:02:00,4,west,north,high,157.73,phone,1
O00085,C0505,passenger,2024-03-02 08:19:00,4,north,riverside,low,23.13,app,0
O00086,C0255,passenger,2024-07-20 03:44:00,4,central,airport,high,66.09,app,0
O00087,C0476,business,2024-11-12 14:07:00,4,south,north,critical,56.73,phone,0
O00088,C0157,medical,2024-06-14 10:28:00,24,riverside,east,low,101.67,app,0
O00089,C0339,medical,2025-04-24 18:23:00,6,south,north,high,52.58,web,1
O00090,C0490,business,2024-10-23 05:35:00,4,riverside,south,medium,86.48,app,0
O00091,C0564,parcel,2024-03-14 01:00:00,6,west,airport,critical,43.61,web,0
O00092,C0268,retail,2025-04-24 15:05:00,6,south,east,medium,56.53,web,0
O00093,C0083,business,2024-12-05 23:36:00,4,ctr,west,low,184.11,web,0
O00094,C0361,parcel,2024-09-27 03:41:00,6,airport,north,medium,62.08,phone,0
O00095,C0378,medical,2025-05-15 13:31:00,24,south,north,low,103.06,app,0
O00096,C0441,business,2024-07-13 17:20:00,2,north,west,critical,153.48,web,0
O00097,C0303,parcel,2024-01-09 11:58:00,24,airport,airport,medium,72.64,app,1
O00098,C0586,passenger,2024-04-03 20:18:00,1,north,south,medium,79.53,phone,0
O00099,C0079,retail,2025-10-04 19:59:00,12,airport,east,low,75.64,app,0
O00100,C0300,passenger,2025-10-30 22:16:00,6,riverside,north,medium,23.64,web,0
O00101,C0633,parcel,2025-10-30 07:05:00,24,west,west,low,42.02,app,0
O00102,C0253,passenger,2024-05-21 23:01:00,2,central,north,high,146.42,app,0
O00103,C0456,business,2024-01-26 12:53:00,12,south,west,low,77.37,app,0
O00104,C0395,passenger,2024-05-28 09:23:00,4,east,central,medium,34.3,web,0
O00105,C0070,passenger,2024-07-09 20:33:00,4,north,east,high,18.19,web,0
O00106,C0065,business,2025-11-29 05:06:00,6,east,riverside,low,68.37,app,0
O00107,C0205,medical,2024-11-13 23:39:00,2,riverside,ctr,low,182.35,app,0
O00108,C0046,medical,2024-11-30 12:11:00,12,west,east,medium,70.18,app,0
O00109,C0427,medical,2025-10-24 11:20:00,4,west,east,medium,9.68,app,0
O00110,C0446,passenger,2024-08-23 11:08:00,4,central,south,low,72.23,app,0
O00111,C0521,retail,2025-07-18 11:53:00,24,east,central,medium,52.06,web,0
O00112,C0051,passenger,2024-09-16 07:03:00,2,central,west,medium,86.44,app,0
O00113,C0640,business,2024-02-12 03:36:00,2,east,north,high,113.54,app,0
O00114,C0144,business,2025-10-05 22:25:00,12,south,riverside,high,15.52,app,1
O00115,C0157,passenger,2024-02-21 06:31:00,6,east,north,high,256.93,web,0
O00116,C0452,passenger,2025-03-09 15:46:00,4,north,airport,low,56.59,api,0
O00117,C0516,passenger,2024-06-10 09:38:00,12,east,south,medium,87.81,phone,0
O00118,C0087,retail,2025-08-18 20:05:00,6,south,south,medium,74.68,app,0
O00119,C0229,medical,2024-05-25 22:14:00,4,north,north,low,66.42,app,0
O00120,C0182,passenger,2024-06-16 04:28:00,6,airport,north,medium,85.27,phone,1
O00121,C0604,parcel,2025-10-14 12:05:00,6,east,north,medium,75.67,app,1
O00122,C0597,medical,2024-02-10 14:30:00,1,riverside,north,medium,27.55,app,0
O00123,C0649,retail,2024-07-14 06:46:00,2,west,east,high,21.55,app,0
O00124,C0481,passenger,2025-01-16 00:02:00,24,central,airport,low,34.31,web,1
O00125,C0191,retail,2025-09-17 16:27:00,24,west,south,medium,70.05,app,0
O00126,C0146,parcel,2024-05-26 09:04:00,12,airport,south,medium,55.22,web,0
O00127,C0572,parcel,2025-11-08 01:32:00,2,east,north,medium,171.31,app,0
O00128,C0611,medical,2025-12-28 13:56:00,24,airport,airport,medium,136.66,app,0
O00129,C0538,retail,2024-12-12 02:28:00,12,central,north,high,63.08,phone,0
O00130,C0259,passenger,2024-01-10 21:52:00,6,central,airport,medium,77.97,app,0
O00131,C0478,retail,2024-06-29 23:10:00,24,east,west,medium,14.11,app,0
O00132,C0224,passenger,2025-01-22 09:00:00,2,ctr,central,medium,11.07,app,0
O00133,C0365,passenger,2025-03-29 18:43:00,24,airport,north,medium,128.19,api,1
O00134,C0010,parcel,2024-12-22 18:12:00,4,south,west,critical,23.34,app,0
O00135,C0364,passenger,2025-04-25 02:34:00,24,riverside,north,low,118.96,app,0
O00136,C0413,medical,2024-11-27 16:29:00,1,north,south,high,20.82,app,0
O00137,C0295,parcel,2025-03-14 17:58:00,12,east,south,high,81.5,app,0
O00138,C0149,business,2025-10-02 04:25:00,2,south,airport,medium,99.38,phone,0
O00139,C0545,retail,2025-09-15 19:05:00,2,west,airport,high,4.22,web,0
O00140,C0621,passenger,2024-03-02 23:43:00,4,north,north,low,89.5,app,0
O00141,C0605,business,2024-12-05 19:42:00,1,north,south,high,83.09,web,0
O00142,C0628,retail,2024-10-31 18:36:00,12,ctr,airport,high,83.93,api,0
O00143,C0545,passenger,2025-03-07 11:30:00,24,ctr,central,medium,69.38,app,0
O00144,C0063,business,2025-11-03 20:08:00,4,riverside,central,high,288.86,app,0
O00145,C0595,business,2024-11-02 10:33:00,12,north,riverside,medium,35.95,app,0
O00146,C0168,passenger,2025-10-10 00:54:00,12,east,south,medium,14.05,web,0
O00147,C0096,retail,2024-07-12 07:43:00,6,north,west,critical,32.27,app,0
O00148,C0401,medical,2025-04-03 22:05:00,2,east,east,high,86.3,phone,0
O00149,C0289,business,2024-05-30 21:37:00,4,west,north,high,31.06,app,0
O00150,C0246,business,2025-01-15 17:37:00,6,west,riverside,medium,136.44,web,0
O00151,C0446,retail,2025-03-02 11:33:00,4,west,east,medium,179.57,web,0
O00152,C0239,retail,2024-09-03 18:28:00,24,east,north,medium,139.65,web,0
O00153,C0378,parcel,2025-02-09 08:07:00,24,north,airport,low,33.01,web,0
O00154,C0535,business,2024-08-20 05:56:00,12,north,airport,low,105.88,web,1
O00155,C0039,retail,2024-07-26 17:47:00,24,south,central,low,155.77,phone,0
O00156,C0035,parcel,2024-04-24 07:55:00,6,west,north,medium,68.58,web,1
O00157,C0513,business,2024-09-16 20:06:00,2,airport,north,low,60.52,api,0
O00158,C0620,business,2024-07-11 16:42:00,24,central,west,high,67.81,phone,0
O00159,C0505,parcel,2024-09-14 22:31:00,12,north,south,low,105.17,api,0
O00160,C0478,parcel,2024-08-20 17:29:00,6,central,east,high,68.1,web,0
O00161,C0025,parcel,2024-08-19 17:36:00,12,south,airport,high,123.09,phone,0
O00162,C0476,business,2025-12-14 03:47:00,12,south,ctr,medium,139.13,app,0
O00163,C0583,parcel,2025-06-09 18:36:00,4,central,north,low,67.97,phone,1
O00164,C0622,parcel,2024-03-23 13:43:00,24,south,ctr,low,211.8,app,0
O00165,C0275,retail,2024-03-16 14:08:00,24,north,central,low,122.59,app,0
O00166,C0517,passenger,2025-05-30 17:32:00,4,east,south,medium,76.66,app,0
O00167,C0325,medical,2024-04-27 20:46:00,24,east,east,medium,24.78,api,0
O00168,C0464,parcel,2025-06-11 03:29:00,6,central,riverside,high,115.35,web,0
O00169,C0399,retail,2025-12-03 12:34:00,4,east,north,medium,84.09,app,1
O00170,C0005,business,2024-06-24 06:36:00,4,airport,airport,high,58.3,app,1
O00171,C0447,parcel,2025-05-01 02:08:00,1,airport,airport,critical,63.41,app,0
O00172,C0343,passenger,2025-01-17 19:03:00,4,east,west,high,108.19,app,0
O00173,C0371,passenger,2025-02-18 07:03:00,2,ctr,central,critical,249.32,app,1
O00174,C0537,passenger,2025-01-16 01:00:00,4,central,north,low,19.65,web,0
O00175,C0562,business,2025-12-19 19:13:00,4,riverside,west,high,150.9,app,0
O00176,C0479,retail,2025-04-15 09:07:00,4,central,ctr,medium,14.76,phone,0
O00177,C0477,passenger,2025-12-25 04:27:00,6,north,west,low,109.36,web,0
O00178,C0287,medical,2024-03-30 19:55:00,4,east,south,low,55.9,app,0
O00179,C0343,parcel,2024-07-25 18:07:00,12,central,riverside,medium,52.96,web,1
O00180,C0615,parcel,2024-12-29 05:23:00,24,central,north,low,54.32,phone,0
O00181,C0252,retail,2024-12-15 23:43:00,2,airport,airport,critical,108.19,api,1
O00182,C0258,passenger,2024-01-12 08:07:00,2,west,west,medium,109.03,web,0
O00183,C0102,business,2024-09-02 11:32:00,4,south,riverside,critical,11.5,app,0
O00184,C0394,parcel,2025-06-21 11:46:00,2,central,riverside,medium,51.44,api,0
O00185,C0482,retail,2025-05-15 01:52:00,24,east,central,low,62.26,web,0
O00186,C0007,parcel,2025-09-10 11:06:00,1,east,west,low,7.45,api,0
O00187,C0070,medical,2024-12-30 17:20:00,12,south,east,medium,49.72,app,0
O00188,C0558,passenger,2025-09-09 03:02:00,4,riverside,ctr,medium,138.45,app,1
O00189,C0388,parcel,2025-11-22 07:16:00,4,north,north,low,14.46,app,0
O00190,C0622,parcel,2024-12-28 06:44:00,1,south,north,medium,31.72,phone,0
O00191,C0641,parcel,2025-04-02 00:53:00,12,central,north,medium,151.09,phone,1
O00192,C0404,retail,2025-08-18 14:07:00,24,ctr,north,high,83.79,app,1
O00193,C0114,business,2024-01-22 15:07:00,4,east,ctr,medium,202.67,app,1
O00194,C0191,passenger,2024-03-16 08:11:00,1,central,riverside,low,92.07,web,1
O00195,C0404,retail,2024-06-02 17:59:00,12,ctr,east,medium,18.03,app,1
O00196,C0314,retail,2024-10-23 21:42:00,6,ctr,central,high,151.74,app,0
O00197,C0420,retail,2025-01-24 04:37:00,2,north,east,medium,175.96,phone,0
O00198,C0487,parcel,2024-09-13 17:44:00,2,west,central,low,21.51,web,0
O00199,C0595,retail,2024-10-02 14:00:00,12,north,north,high,62.65,,0
O00200,C0060,passenger,2024-01-26 10:09:00,4,ctr,riverside,high,94.52,,0
O00201,C0486,passenger,2025-05-13 16:30:00,4,north,south,medium,118.29,web,0
O00202,C0449,passenger,2024-02-02 01:04:00,1,south,west,low,20.68,web,0
O00203,C0336,business,2024-07-05 19:52:00,6,central,airport,high,84.76,web,0
O00204,C0355,passenger,2025-10-22 21:38:00,12,airport,west,high,61.59,app,0
O00205,C0246,parcel,2025-02-05 15:10:00,6,north,south,medium,63.36,app,1
O00206,C0255,parcel,2025-12-10 14:25:00,4,south,east,low,20.86,app,1
O00207,C0023,business,2024-08-22 19:33:00,6,ctr,riverside,medium,80.33,app,0
O00208,C0359,passenger,2024-03-18 11:21:00,2,west,riverside,high,90.19,phone,1
O00209,C0201,retail,2025-06-24 06:19:00,4,airport,riverside,critical,178.55,app,1
O00210,C0347,parcel,2024-05-14 18:39:00,4,east,west,high,106.23,phone,0
O00211,C0488,business,2024-02-14 06:10:00,6,airport,east,medium,43.29,app,1
O00212,C0121,parcel,2025-01-04 23:29:00,4,east,ctr,high,128.36,api,0
O00213,C0512,parcel,2024-12-05 18:29:00,12,west,riverside,low,161.85,phone,1
O00214,C0088,business,2025-02-01 11:20:00,2,east,east,high,102.83,app,0
O00215,C0341,business,2024-01-07 10:37:00,1,west,west,medium,84.03,phone,1
O00216,C0629,retail,2025-05-10 10:14:00,4,north,west,critical,220.83,,0
O00217,C0331,retail,2024-01-22 07:29:00,24,airport,airport,medium,40.42,phone,1
O00218,C0154,passenger,2025-09-15 01:40:00,2,north,west,critical,77.97,app,0
O00219,C0421,passenger,2024-05-29 23:42:00,2,east,south,medium,62.84,app,0
O00220,C0428,medical,2024-05-27 08:24:00,6,central,west,low,136.63,phone,0
O00221,C0298,parcel,2024-10-06 02:32:00,12,south,airport,medium,16.07,phone,0
O00222,C0266,parcel,2024-09-25 11:36:00,4,riverside,west,high,27.35,phone,0
O00223,C0172,retail,2025-08-10 16:37:00,4,ctr,airport,high,178.85,web,0
O00224,C0045,parcel,2024-05-22 22:02:00,24,north,central,high,46.15,app,1
O00225,C0290,retail,2025-07-28 03:55:00,1,riverside,riverside,medium,25.8,,0
O00226,C0292,parcel,2024-07-23 13:40:00,24,east,north,medium,63.79,app,0
O00227,C0174,business,2025-08-08 20:06:00,4,airport,north,medium,21.79,app,0
O00228,C0242,parcel,2025-01-06 09:50:00,6,east,airport,high,87.21,web,0
O00229,C0335,passenger,2024-08-31 04:43:00,6,central,riverside,medium,33.48,app,0
O00230,C0533,passenger,2024-03-14 09:48:00,1,central,north,low,25.84,app,1
O00231,C0250,passenger,2024-12-15 23:23:00,6,east,south,low,69.44,,0
O00232,C0533,retail,2025-06-05 20:15:00,6,riverside,central,medium,122.94,api,1
O00233,C0252,parcel,2024-12-24 17:45:00,1,riverside,south,high,100.64,phone,1
O00234,C0145,parcel,2025-02-19 10:03:00,6,south,riverside,low,42.01,web,0
O00235,C0502,retail,2025-12-22 10:42:00,2,ctr,central,medium,27.53,phone,0
O00236,C0429,business,2024-11-26 15:32:00,2,east,south,medium,118.24,app,0
O00237,C0431,parcel,2025-01-11 07:51:00,24,riverside,south,low,19.51,web,0
O00238,C0141,parcel,2024-08-28 11:09:00,4,south,west,critical,192.22,phone,1
O00239,C0399,parcel,2024-05-18 06:00:00,4,ctr,central,low,31.43,app,0
O00240,C0289,passenger,2025-11-18 14:25:00,2,east,airport,low,71.85,app,0
O00241,C0117,parcel,2025-04-01 12:36:00,2,west,north,low,99.3,app,1
O00242,C0587,retail,2024-11-05 05:37:00,1,ctr,west,high,42.77,app,0
O00243,C0153,passenger,2024-03-08 04:19:00,6,south,west,low,64.73,phone,0
O00244,C0519,passenger,2024-11-11 08:46:00,1,north,riverside,medium,225.95,api,0
O00245,C0096,parcel,2025-08-08 17:42:00,4,south,south,low,21.06,app,1
O00246,C0023,parcel,2024-12-14 02:58:00,4,east,riverside,medium,68.11,web,0
O00247,C0613,parcel,2024-07-13 18:59:00,4,east,south,high,124.3,app,0
O00248,C0153,passenger,2024-03-22 18:11:00,4,south,airport,medium,16.18,phone,0
O00249,C0566,business,2024-11-07 18:22:00,2,central,west,critical,218.68,app,0
O00250,C0300,passenger,2025-04-24 11:49:00,24,central,north,medium,9.42,app,0
O00251,C0581,parcel,2025-12-07 13:46:00,1,riverside,south,medium,42.45,app,0
O00252,C0232,parcel,2024-03-10 15:20:00,1,east,north,low,66.88,phone,0
O00253,C0543,retail,2024-06-28 08:57:00,4,ctr,west,high,144.86,web,0
O00254,C0097,parcel,2024-09-20 17:01:00,4,north,west,medium,115.81,app,0
O00255,C0225,retail,2024-06-17 20:17:00,12,south,central,critical,139.77,phone,0
O00256,C0564,retail,2024-08-30 22:01:00,6,north,north,high,131.08,app,0
O00257,C0128,passenger,2024-08-11 01:25:00,6,south,north,critical,87.95,phone,1
O00258,C0107,business,2025-04-03 06:57:00,4,central,west,low,98.81,app,0
O00259,C0122,retail,2025-09-09 09:55:00,24,south,east,high,172.55,app,1
O00260,C0597,parcel,2025-05-28 20:06:00,6,central,riverside,low,198.61,app,1
O00261,C0003,passenger,2024-07-20 07:46:00,12,west,east,low,165.8,app,0
O00262,C0265,passenger,2024-02-28 04:38:00,6,central,central,high,151.47,phone,1
O00263,C0031,parcel,2024-02-19 02:04:00,2,west,central,low,63.35,app,0
O00264,C0633,business,2025-08-12 10:46:00,6,east,airport,medium,113.96,app,1
O00265,C0244,parcel,2024-05-19 00:12:00,4,riverside,south,medium,20.51,app,0
O00266,C0345,business,2024-10-04 17:41:00,2,ctr,north,high,41.27,app,1
O00267,C0256,parcel,2024-01-16 20:20:00,6,airport,north,low,98.71,app,0
O00268,C0475,medical,2024-01-29 06:20:00,4,west,west,medium,71.4,app,1
O00269,C0175,passenger,2024-11-30 23:01:00,6,north,riverside,medium,19.29,app,0
O00270,C0561,business,2025-10-26 15:25:00,4,west,central,medium,140.61,app,1
O00271,C0381,passenger,2025-09-16 21:51:00,4,west,ctr,critical,192.54,app,0
O00272,C0647,retail,2024-12-11 05:03:00,24,riverside,central,medium,55.63,app,0
O00273,C0642,retail,2025-02-28 01:05:00,24,central,west,medium,16.14,app,0
O00274,C0086,passenger,2025-10-03 19:21:00,24,north,west,high,90.93,app,1
O00275,C0473,business,2025-05-21 19:25:00,6,south,east,medium,142.68,app,0
O00276,C0442,parcel,2024-09-20 14:55:00,6,central,east,medium,61.64,app,0
O00277,C0329,passenger,2024-01-14 00:59:00,6,west,central,medium,107.13,phone,0
O00278,C0183,passenger,2024-11-20 18:41:00,12,ctr,north,high,32.25,phone,0
O00279,C0246,business,2024-11-16 01:26:00,12,west,riverside,medium,61.44,app,0
O00280,C0206,passenger,2025-09-20 22:46:00,12,east,airport,critical,151.49,app,1
O00281,C0437,passenger,2024-12-03 05:05:00,4,airport,north,low,47.49,web,0
O00282,C0630,parcel,2024-01-20 04:13:00,6,south,west,medium,207.38,web,0
O00283,C0430,business,2024-05-26 16:49:00,6,north,west,medium,177.07,app,0
O00284,C0363,passenger,2024-04-02 11:52:00,24,north,airport,high,116.68,phone,0
O00285,C0180,business,2025-01-05 13:22:00,4,north,north,high,106.65,app,0
O00286,C0402,business,2025-07-05 21:37:00,6,west,east,low,84.75,app,0
O00287,C0201,retail,2025-07-22 04:42:00,1,west,airport,low,68.14,phone,0
O00288,C0542,medical,2025-09-08 18:21:00,4,south,central,low,56.47,app,0
O00289,C0574,parcel,2024-08-23 23:39:00,24,north,east,high,20.53,app,0
O00290,C0028,medical,2024-09-21 22:30:00,2,central,west,high,54.76,app,0
O00291,C0198,business,2024-02-02 20:19:00,4,airport,south,low,116.22,web,0
O00292,C0060,parcel,2025-10-29 17:45:00,12,ctr,west,medium,59.59,app,0
O00293,C0165,parcel,2025-04-09 17:17:00,6,ctr,east,critical,67.89,app,0
O00294,C0486,parcel,2025-01-05 16:33:00,1,airport,airport,low,82.04,app,0
O00295,C0123,passenger,2024-10-07 04:16:00,2,east,north,medium,45.46,app,0
O00296,C0400,retail,2024-01-10 17:30:00,6,south,north,medium,10.85,app,0
O00297,C0560,passenger,2024-04-12 20:51:00,6,airport,riverside,low,151.53,web,0
O00298,C0184,parcel,2025-01-06 04:40:00,4,west,north,low,28.65,web,0
O00299,C0566,retail,2024-08-21 12:48:00,6,south,ctr,low,172.53,api,0
O00300,C0512,retail,2024-04-02 00:39:00,4,riverside,south,low,33.34,app,1
O00301,C0181,business,2024-05-17 03:03:00,6,east,riverside,medium,63.32,app,0
O00302,C0558,retail,2025-07-10 16:13:00,24,riverside,central,high,228.25,web,0
O00303,C0514,retail,2025-07-22 05:16:00,4,central,south,medium,48.67,web,0
O00304,C0253,passenger,2025-09-12 11:47:00,12,east,riverside,high,134.68,app,0
O00305,C0322,parcel,2024-06-01 05:55:00,24,riverside,airport,low,46.14,phone,0
O00306,C0613,passenger,2024-06-14 16:01:00,4,north,north,low,42.22,phone,0
O00307,C0343,parcel,2024-12-25 22:15:00,4,east,riverside,low,73.14,app,0
O00308,C0458,passenger,2025-03-28 15:13:00,12,airport,west,medium,100.44,api,0
O00309,C0073,parcel,2025-10-13 11:57:00,1,south,airport,medium,175.54,phone,0
O00310,C0094,retail,2025-02-02 14:13:00,24,central,west,high,28.08,app,0
O00311,C0215,medical,2024-11-27 00:06:00,12,central,south,high,167.59,phone,0
O00312,C0164,passenger,2025-11-06 23:00:00,6,east,east,medium,124.24,app,0
O00313,C0616,medical,2024-03-08 20:58:00,24,south,north,low,11.11,app,0
O00314,C0626,medical,2025-02-15 21:55:00,6,east,east,high,39.37,web,0
O00315,C0494,parcel,2024-12-25 01:14:00,4,north,south,low,159.29,app,0
O00316,C0094,medical,2025-07-31 12:26:00,6,west,west,low,53.63,app,0
O00317,C0094,passenger,2025-01-19 21:40:00,6,riverside,west,high,236.09,app,1
O00318,C0009,retail,2024-08-17 00:16:00,6,riverside,south,low,84.27,web,1
O00319,C0335,business,2024-01-22 08:45:00,24,ctr,airport,low,124.48,app,0
O00320,C0519,parcel,2025-03-20 07:14:00,1,central,west,high,97.13,phone,0
O00321,C0016,medical,2024-12-28 06:20:00,4,central,west,medium,97.42,web,0
O00322,C0495,business,2025-03-11 20:17:00,4,ctr,south,high,61.55,app,0
O00323,C0487,retail,2024-11-01 15:13:00,4,south,north,low,22.09,phone,0
O00324,C0019,passenger,2025-08-06 05:30:00,1,south,riverside,high,131.3,app,1
O00325,C0259,passenger,2024-09-30 04:52:00,2,north,south,medium,70.71,web,0
O00326,C0178,passenger,2024-11-03 09:05:00,12,west,west,medium,242.48,web,0
O00327,C0435,retail,2024-12-05 00:31:00,4,north,north,low,90.61,api,0
O00328,C0491,business,2024-09-12 05:20:00,2,east,south,medium,37.78,app,0
O00329,C0278,parcel,2025-11-30 19:38:00,6,central,south,medium,7.02,web,1
O00330,C0172,medical,2025-04-08 06:37:00,1,west,riverside,medium,49.61,web,0
O00331,C0399,parcel,2024-02-23 06:54:00,6,riverside,east,medium,36.77,app,0
O00332,C0110,business,2025-01-04 01:49:00,12,north,riverside,medium,93.33,phone,0
O00333,C0123,medical,2025-03-25 05:27:00,6,east,central,medium,71.97,app,0
O00334,C0500,parcel,2024-05-23 09:43:00,4,riverside,south,high,62.54,api,0
O00335,C0482,passenger,2024-01-26 03:09:00,24,north,airport,high,227.61,api,1
O00336,C0115,retail,2024-01-10 04:58:00,6,west,ctr,critical,108.38,app,0
O00337,C0463,retail,2024-11-05 04:32:00,6,west,airport,critical,68.13,app,1
O00338,C0648,passenger,2024-12-26 03:48:00,6,riverside,riverside,medium,38.31,app,0
O00339,C0301,medical,2024-06-21 14:43:00,2,airport,north,high,238.92,web,0
O00340,C0127,retail,2025-02-10 02:26:00,2,ctr,airport,high,89.8,app,0
O00341,C0026,retail,2024-12-13 20:58:00,4,riverside,east,medium,36.59,app,0
O00342,C0643,passenger,2025-11-12 22:25:00,6,north,south,low,187.9,web,0
O00343,C0184,business,2024-12-09 01:37:00,2,ctr,south,medium,81.36,app,0
O00344,C0594,parcel,2024-08-28 06:50:00,6,central,north,medium,104.62,api,1
O00345,C0337,retail,2025-10-04 22:00:00,6,east,central,high,27.35,phone,0
O00346,C0500,retail,2024-02-08 04:32:00,2,riverside,east,medium,84.74,app,0
O00347,C0004,parcel,2025-09-01 07:36:00,12,south,south,medium,78.58,,0
O00348,C0372,parcel,2025-03-16 22:06:00,2,north,south,high,58.25,web,0
O00349,C0161,business,2024-01-21 01:57:00,2,north,central,medium,55.21,api,0
O00350,C0197,retail,2024-11-20 02:56:00,4,east,west,high,13.42,app,0
O00351,C0259,parcel,2024-04-22 03:31:00,1,airport,west,medium,20.77,web,1
O00352,C0097,parcel,2024-05-19 16:27:00,4,airport,north,low,271.29,app,0
O00353,C0354,business,2024-01-03 05:14:00,4,west,airport,low,135.85,phone,0
O00354,C0154,parcel,2025-12-02 17:09:00,2,east,riverside,low,78.37,web,0
O00355,C0006,passenger,2025-10-10 23:34:00,4,riverside,riverside,medium,59.47,app,0
O00356,C0430,medical,2025-05-27 03:33:00,4,riverside,airport,medium,64.6,app,0
O00357,C0608,retail,2024-12-28 15:58:00,2,central,south,medium,171.28,phone,0
O00358,C0273,passenger,2024-03-20 11:13:00,4,riverside,central,low,94.51,app,0
O00359,C0048,passenger,2024-08-17 23:04:00,24,east,central,high,134.58,web,0
O00360,C0506,passenger,2024-10-06 22:11:00,1,central,central,high,111.56,app,0
O00361,C0345,business,2024-01-16 08:17:00,1,east,south,low,256.22,app,0
O00362,C0586,medical,2024-03-11 01:12:00,4,central,riverside,high,43.69,phone,0
O00363,C0230,passenger,2025-06-04 01:26:00,4,riverside,south,high,35.91,app,1
O00364,C0354,medical,2025-07-23 11:17:00,12,west,central,critical,114.81,app,0
O00365,C0237,medical,2024-01-11 10:44:00,4,east,west,low,21.18,phone,1
O00366,C0592,business,2024-02-12 20:29:00,24,central,south,high,52.46,app,0
O00367,C0162,passenger,2025-07-11 09:35:00,4,south,north,high,46.71,phone,0
O00368,C0552,business,2024-12-04 22:26:00,4,central,north,high,89.38,app,1
O00369,C0093,business,2024-10-02 12:27:00,6,ctr,riverside,medium,70.75,phone,0
O00370,C0021,parcel,2024-11-21 17:26:00,4,south,south,high,74.04,phone,0
O00371,C0530,business,2025-01-27 04:24:00,4,north,north,medium,73.83,web,1
O00372,C0536,parcel,2025-01-29 13:51:00,2,south,riverside,low,57.99,app,1
O00373,C0372,parcel,2024-05-26 20:00:00,24,north,central,medium,95.4,app,0
O00374,C0343,parcel,2024-09-01 19:32:00,24,north,riverside,medium,93.34,web,0
O00375,C0012,medical,2024-09-17 22:39:00,4,central,east,high,150.39,phone,0
O00376,C0286,passenger,2025-01-21 07:52:00,12,north,west,critical,33.38,api,0
O00377,C0131,retail,2024-07-22 21:07:00,12,airport,east,medium,213.06,app,1
O00378,C0485,retail,2024-03-29 19:50:00,6,north,north,high,172.56,web,1
O00379,C0648,parcel,2024-02-04 22:03:00,4,north,east,medium,52.58,web,0
O00380,C0057,passenger,2025-02-19 22:35:00,6,north,north,low,95.96,app,0
O00381,C0420,parcel,2024-11-28 21:41:00,24,east,west,low,67.67,web,0
O00382,C0463,retail,2025-03-29 17:42:00,6,central,riverside,high,54.18,api,0
O00383,C0442,retail,2024-11-19 14:36:00,4,west,east,critical,109.08,app,0
O00384,C0469,medical,2024-01-01 15:47:00,4,ctr,central,low,12.58,web,0
O00385,C0646,passenger,2025-10-24 15:32:00,4,riverside,riverside,medium,226.69,phone,0
O00386,C0250,medical,2024-12-16 18:34:00,6,central,ctr,medium,95.67,web,0
O00387,C0470,passenger,2025-01-24 07:52:00,1,south,east,high,107.34,phone,0
O00388,C0292,retail,2025-10-06 23:55:00,4,north,riverside,high,66.17,app,0
O00389,C0361,passenger,2025-01-22 11:45:00,4,central,riverside,low,65.05,app,0
O00390,C0150,passenger,2024-03-06 12:33:00,6,north,north,medium,42.46,web,0
O00391,C0541,retail,2024-09-29 19:42:00,1,west,riverside,high,12.76,api,0
O00392,C0356,retail,2025-11-24 10:04:00,6,east,riverside,medium,73.04,app,0
O00393,C0573,parcel,2025-10-05 17:42:00,4,central,east,low,64.93,web,0
O00394,C0479,retail,2024-08-16 19:48:00,12,airport,west,medium,71.08,app,1
O00395,C0060,passenger,2024-09-28 08:58:00,1,west,east,medium,20.16,web,0
O00396,C0475,retail,2025-04-29 23:22:00,12,central,east,medium,63.67,app,0
O00397,C0417,parcel,2025-06-18 18:30:00,12,airport,south,medium,42.94,app,1
O00398,C0382,business,2025-08-07 07:09:00,4,east,airport,medium,56.33,app,0
O00399,C0644,parcel,2024-03-08 16:23:00,4,central,airport,low,30.74,app,0
O00400,C0426,retail,2025-06-20 06:33:00,6,north,east,high,145.15,web,1
O00401,C0252,medical,2024-06-22 11:15:00,24,east,airport,low,28.61,web,0
O00402,C0104,retail,2025-11-20 05:09:00,4,west,east,medium,121.87,app,1
O00403,C0573,business,2025-11-08 14:11:00,4,riverside,airport,critical,44.48,api,1
O00404,C0139,passenger,2025-10-17 20:55:00,1,south,airport,medium,213.39,phone,0
O00405,C0055,business,2024-02-14 10:24:00,6,ctr,riverside,critical,142.88,app,0
O00406,C0631,retail,2025-01-05 13:07:00,2,airport,riverside,critical,59.17,app,0
O00407,C0575,medical,2025-02-23 04:44:00,12,west,ctr,high,189.02,web,0
O00408,C0446,parcel,2024-09-14 12:06:00,24,north,west,high,58.75,app,0
O00409,C0065,passenger,2025-01-08 11:42:00,6,south,north,medium,38.48,app,0
O00410,C0174,medical,2025-06-19 16:19:00,1,east,west,medium,39.34,phone,1
O00411,C0497,business,2025-04-08 21:05:00,4,central,central,medium,71.11,app,0
O00412,C0601,passenger,2024-10-08 12:18:00,6,north,airport,critical,54.76,app,0
O00413,C0183,passenger,2025-04-01 22:07:00,4,airport,north,low,35.52,app,0
O00414,C0023,parcel,2025-04-05 20:30:00,6,south,west,medium,283.98,app,0
O00415,C0591,retail,2024-06-27 16:09:00,4,ctr,riverside,medium,19.76,app,0
O00416,C0552,medical,2024-01-07 21:08:00,2,airport,airport,high,26.83,app,0
O00417,C0486,retail,2025-01-10 15:33:00,4,south,riverside,low,113.56,,0
O00418,C0467,passenger,2025-11-07 07:39:00,12,riverside,south,critical,46.83,web,0
O00419,C0013,retail,2025-01-14 16:21:00,24,west,east,medium,187.6,app,0
O00420,C0506,business,2025-01-25 08:01:00,4,riverside,east,low,40.04,phone,0
O00421,C0599,parcel,2025-07-23 06:00:00,24,riverside,east,medium,37.25,app,0
O00422,C0034,passenger,2025-08-07 08:03:00,6,central,west,medium,15.05,app,0
O00423,C0403,passenger,2025-08-27 05:19:00,2,south,riverside,high,189.36,phone,0
O00424,C0563,business,2025-07-11 08:58:00,12,riverside,west,medium,43.18,app,0
O00425,C0550,passenger,2024-11-27 08:15:00,4,airport,east,high,78.8,web,0
O00426,C0383,business,2024-09-28 14:05:00,2,riverside,riverside,low,82.0,web,0
O00427,C0151,parcel,2025-06-21 20:31:00,1,ctr,west,medium,166.06,app,0
O00428,C0275,medical,2024-03-31 06:08:00,1,west,airport,high,72.42,web,0
O00429,C0466,passenger,2025-03-09 09:39:00,1,riverside,south,medium,20.27,app,0
O00430,C0029,retail,2025-01-15 01:45:00,12,central,south,medium,40.49,api,0
O00431,C0425,retail,2025-03-29 12:23:00,4,south,riverside,medium,24.45,app,0
O00432,C0648,retail,2024-02-12 22:48:00,4,central,west,high,158.21,web,0
O00433,C0633,retail,2024-10-29 13:27:00,12,ctr,central,medium,85.59,phone,0
O00434,C0500,parcel,2025-10-25 19:51:00,1,airport,riverside,high,45.89,app,0
O00435,C0102,retail,2024-09-19 11:15:00,4,south,ctr,medium,47.28,phone,1
O00436,C0218,medical,2025-01-29 18:08:00,1,airport,north,critical,56.57,web,0
O00437,C0618,retail,2025-09-25 06:54:00,4,airport,riverside,medium,98.88,app,0
O00438,C0491,business,2025-12-29 18:23:00,4,north,west,low,27.39,phone,0
O00439,C0577,medical,2024-03-05 21:13:00,1,north,ctr,high,53.87,web,0
O00440,C0032,passenger,2024-12-03 02:05:00,12,east,east,high,56.81,app,0
O00441,C0509,passenger,2025-04-01 12:25:00,12,east,central,critical,77.58,app,0
O00442,C0080,business,2025-06-22 13:31:00,4,ctr,west,high,81.32,api,1
O00443,C0378,parcel,2025-10-20 00:06:00,12,north,riverside,medium,63.8,app,1
O00444,C0319,retail,2025-08-30 18:29:00,4,west,airport,medium,23.99,phone,0
O00445,C0054,passenger,2025-04-18 22:53:00,2,south,riverside,high,68.98,app,0
O00446,C0172,passenger,2025-03-22 13:30:00,12,airport,east,medium,233.36,web,0
O00447,C0082,retail,2024-06-29 02:28:00,1,west,east,medium,24.57,phone,0
O00448,C0487,medical,2025-02-11 15:08:00,4,central,north,low,68.78,web,0
O00449,C0544,passenger,2025-06-08 00:42:00,2,north,airport,low,102.53,app,0
O00450,C0527,retail,2024-08-25 23:12:00,2,riverside,riverside,low,31.33,app,0
O00451,C0012,retail,2025-02-15 17:02:00,12,east,riverside,critical,97.23,phone,0
O00452,C0583,passenger,2025-11-27 09:35:00,2,central,central,medium,56.63,phone,1
O00453,C0224,retail,2024-12-04 12:49:00,6,south,west,medium,27.48,phone,0
O00454,C0251,medical,2025-04-15 03:05:00,12,west,north,medium,51.66,app,0
O00455,C0178,passenger,2024-08-14 02:36:00,6,airport,airport,high,144.79,app,0
O00456,C0124,parcel,2024-01-16 03:31:00,2,east,riverside,high,87.85,app,0
O00457,C0396,parcel,2024-03-31 06:36:00,12,east,east,medium,123.49,app,0
O00458,C0546,parcel,2025-04-10 01:52:00,12,ctr,east,high,87.24,api,0
O00459,C0478,retail,2025-11-28 06:45:00,24,south,south,low,203.99,app,0
O00460,C0097,passenger,2024-12-09 15:55:00,4,central,north,low,72.35,web,0
O00461,C0153,passenger,2024-02-26 17:44:00,4,west,east,critical,55.94,web,0
O00462,C0381,parcel,2025-03-03 18:08:00,6,riverside,east,medium,55.77,app,0
O00463,C0370,medical,2025-02-20 01:55:00,2,east,central,low,96.83,app,0
O00464,C0063,parcel,2025-10-03 04:20:00,2,south,east,critical,51.61,phone,0
O00465,C0149,medical,2024-12-08 06:33:00,2,east,north,low,20.53,app,0
O00466,C0028,business,2024-01-07 05:34:00,6,west,airport,high,88.87,web,0
O00467,C0612,passenger,2024-10-08 16:16:00,2,north,south,high,193.9,web,0
O00468,C0062,retail,2024-03-29 10:24:00,2,east,south,medium,22.82,app,0
O00469,C0186,parcel,2024-09-18 21:54:00,4,east,east,low,92.55,app,0
O00470,C0265,business,2024-11-01 17:25:00,12,east,east,low,131.93,web,0
O00471,C0346,passenger,2025-06-07 13:43:00,6,east,airport,medium,69.38,web,0
O00472,C0636,parcel,2024-02-22 09:19:00,4,south,riverside,medium,287.3,web,0
O00473,C0266,medical,2024-09-11 12:51:00,2,east,airport,high,40.6,app,1
O00474,C0029,medical,2025-03-22 17:16:00,2,airport,central,medium,283.42,phone,0
O00475,C0498,passenger,2024-11-08 06:08:00,24,central,west,high,156.78,app,0
O00476,C0078,passenger,2024-02-23 06:34:00,24,west,east,low,89.17,app,0
O00477,C0441,passenger,2025-10-29 11:59:00,2,west,central,medium,189.25,phone,0
O00478,C0521,medical,2025-04-20 21:31:00,2,west,south,critical,160.09,app,0
O00479,C0226,retail,2025-12-27 18:09:00,12,central,north,low,87.76,app,0
O00480,C0088,passenger,2025-01-09 10:12:00,6,east,west,low,51.54,phone,0
O00481,C0010,retail,2025-04-12 22:35:00,1,south,west,medium,10.74,api,1
O00482,C0268,retail,2025-11-10 01:46:00,6,east,west,medium,114.62,phone,0
O00483,C0285,business,2024-11-17 00:34:00,1,riverside,north,medium,117.11,phone,0
O00484,C0152,parcel,2024-03-10 13:36:00,24,east,riverside,critical,134.61,app,0
O00485,C0168,passenger,2024-11-27 01:17:00,1,north,ctr,high,95.19,api,0
O00486,C0316,retail,2024-08-12 14:18:00,2,central,north,high,50.89,app,0
O00487,C0263,passenger,2024-07-24 22:13:00,4,riverside,west,medium,57.27,phone,0
O00488,C0050,medical,2025-08-29 19:29:00,4,north,south,low,111.27,phone,0
O00489,C0483,medical,2025-02-19 23:28:00,24,central,east,medium,41.11,web,1
O00490,C0562,retail,2024-07-27 06:03:00,4,north,south,low,73.56,app,0
O00491,C0460,business,2024-07-03 13:54:00,1,south,west,critical,41.62,app,1
O00492,C0243,retail,2025-10-16 03:03:00,6,west,south,critical,70.04,app,0
O00493,C0370,parcel,2024-05-20 02:52:00,6,east,north,critical,55.91,web,0
O00494,C0304,parcel,2025-09-02 15:11:00,1,east,airport,medium,50.08,app,0
O00495,C0590,passenger,2024-01-15 23:35:00,6,east,south,low,133.15,app,0
O00496,C0627,passenger,2024-06-17 15:14:00,4,south,airport,critical,117.66,app,0
O00497,C0631,medical,2025-11-21 23:43:00,12,south,ctr,low,169.24,app,0
O00498,C0081,retail,2024-10-28 06:34:00,4,south,ctr,medium,68.95,web,0
O00499,C0198,passenger,2024-06-11 04:49:00,4,east,central,medium,62.77,phone,0
O00500,C0131,retail,2024-07-30 16:06:00,12,north,west,low,64.83,app,0
O00501,C0547,retail,2025-04-21 03:12:00,1,ctr,east,low,36.69,web,1
O00502,C0169,parcel,2024-04-03 01:26:00,4,riverside,south,medium,61.9,app,0
O00503,C0242,passenger,2024-08-17 21:53:00,6,central,riverside,low,41.14,web,0
O00504,C0362,parcel,2024-09-20 22:57:00,2,ctr,east,low,47.18,app,0
O00505,C0319,retail,2025-03-29 21:27:00,12,airport,west,high,84.65,web,0
O00506,C0603,retail,2024-06-07 01:59:00,6,east,east,medium,33.03,phone,0
O00507,C0484,parcel,2025-12-13 04:02:00,4,south,west,medium,62.89,app,0
O00508,C0584,parcel,2024-06-12 14:18:00,24,north,central,medium,68.61,phone,0
O00509,C0535,retail,2024-08-26 18:51:00,1,east,central,medium,160.38,phone,0
O00510,C0477,medical,2024-11-22 22:35:00,4,west,west,medium,170.3,,0
O00511,C0119,parcel,2024-06-06 09:58:00,24,west,west,high,150.89,api,0
O00512,C0242,parcel,2024-09-21 10:35:00,4,north,central,critical,10.74,app,0
O00513,C0202,passenger,2024-08-07 04:51:00,4,west,south,high,111.28,phone,1
O00514,C0280,passenger,2025-11-12 07:25:00,2,east,central,low,126.79,phone,0
O00515,C0578,retail,2024-02-03 10:24:00,6,north,north,medium,65.74,phone,0
O00516,C0473,passenger,2024-06-08 20:18:00,2,south,east,medium,117.13,app,0
O00517,C0015,medical,2024-08-16 20:34:00,4,south,west,low,49.24,app,0
O00518,C0112,medical,2025-12-11 02:12:00,12,north,east,high,61.85,web,0
O00519,C0437,passenger,2025-04-20 04:46:00,2,south,riverside,low,47.89,phone,0
O00520,C0539,passenger,2024-07-07 13:21:00,2,central,airport,low,36.42,app,0
O00521,C0109,parcel,2025-11-26 12:07:00,1,airport,south,high,76.48,web,0
O00522,C0594,passenger,2024-02-09 11:07:00,24,riverside,central,medium,152.25,phone,0
O00523,C0181,medical,2025-11-04 06:41:00,6,airport,airport,low,82.31,web,1
O00524,C0052,passenger,2025-06-20 16:04:00,4,airport,riverside,medium,40.41,app,1
O00525,C0223,parcel,2024-10-24 15:22:00,1,south,airport,high,29.46,app,0
O00526,C0630,parcel,2024-01-19 15:56:00,4,airport,west,low,69.63,app,0
O00527,C0203,parcel,2024-04-05 06:31:00,6,south,airport,medium,65.29,app,1
O00528,C0152,passenger,2024-10-13 09:38:00,12,central,ctr,medium,126.48,app,0
O00529,C0422,retail,2025-08-20 17:48:00,4,east,airport,medium,355.62,app,0
O00530,C0618,medical,2024-03-31 06:08:00,4,airport,north,low,45.66,app,1
O00531,C0013,business,2025-04-26 08:49:00,24,airport,airport,high,157.07,app,0
O00532,C0527,retail,2024-08-20 18:59:00,2,riverside,ctr,low,55.72,phone,0
O00533,C0338,retail,2024-11-03 01:37:00,4,ctr,north,medium,74.26,app,0
O00534,C0159,parcel,2025-09-05 03:00:00,2,airport,ctr,critical,188.05,app,1
O00535,C0093,retail,2024-12-18 06:09:00,6,riverside,riverside,medium,24.09,app,0
O00536,C0372,medical,2025-11-03 09:03:00,12,west,central,low,204.12,web,1
O00537,C0153,business,2024-06-25 10:22:00,6,central,ctr,medium,50.23,web,1
O00538,C0377,business,2025-04-05 15:15:00,1,west,ctr,high,50.6,app,0
O00539,C0098,business,2024-12-03 23:23:00,6,ctr,east,high,167.91,app,0
O00540,C0232,retail,2024-07-02 03:50:00,4,east,west,high,142.72,web,0
O00541,C0272,retail,2024-11-01 02:46:00,4,west,east,low,126.42,app,0
O00542,C0504,passenger,2025-07-26 14:06:00,4,central,east,low,76.58,app,1
O00543,C0468,passenger,2025-07-18 03:50:00,4,airport,riverside,medium,68.06,app,0
O00544,C0212,retail,2024-06-14 19:25:00,24,central,west,low,53.15,phone,0
O00545,C0211,parcel,2025-04-17 01:02:00,24,central,north,low,100.18,web,0
O00546,C0242,business,2024-02-10 16:37:00,24,riverside,south,high,51.06,api,1
O00547,C0640,retail,2024-04-09 13:41:00,24,central,south,high,43.73,app,0
O00548,C0105,passenger,2025-12-14 04:26:00,2,airport,east,medium,34.87,phone,0
O00549,C0119,business,2025-08-14 11:04:00,6,east,west,medium,86.89,phone,0
O00550,C0502,business,2025-01-18 23:42:00,24,central,riverside,medium,64.79,web,1
O00551,C0317,retail,2024-06-16 11:10:00,6,ctr,east,high,82.67,phone,0
O00552,C0341,passenger,2025-11-09 02:21:00,4,riverside,south,low,76.7,app,0
O00553,C0408,retail,2024-01-06 20:55:00,6,north,riverside,high,32.16,app,0
O00554,C0117,medical,2025-05-06 09:09:00,2,airport,riverside,high,129.89,app,0
O00555,C0233,retail,2024-09-24 03:06:00,6,west,south,medium,234.04,app,0
O00556,C0643,business,2024-09-01 03:09:00,2,riverside,airport,medium,101.94,app,1
O00557,C0079,passenger,2025-05-23 08:34:00,24,riverside,riverside,low,176.32,web,0
O00558,C0057,parcel,2025-07-08 03:20:00,1,riverside,central,critical,99.68,app,0
O00559,C0167,business,2025-04-24 07:10:00,12,north,east,medium,107.27,phone,0
O00560,C0260,passenger,2025-08-05 17:02:00,6,riverside,east,medium,62.52,web,1
O00561,C0595,retail,2025-06-02 08:23:00,4,central,airport,high,86.87,app,0
O00562,C0382,passenger,2024-07-21 09:25:00,4,east,west,medium,241.72,,0
O00563,C0284,parcel,2025-07-22 06:08:00,6,airport,riverside,low,40.2,web,0
O00564,C0535,retail,2024-09-02 23:55:00,12,north,ctr,medium,59.68,app,0
O00565,C0600,parcel,2025-07-01 16:15:00,1,north,south,low,155.2,phone,0
O00566,C0455,parcel,2024-04-07 00:06:00,6,ctr,central,medium,97.68,phone,0
O00567,C0144,retail,2024-02-24 15:50:00,24,south,riverside,low,33.6,phone,0
O00568,C0412,passenger,2025-12-19 18:13:00,6,central,riverside,medium,119.95,phone,0
O00569,C0467,parcel,2025-12-06 23:14:00,6,central,airport,critical,104.77,app,0
O00570,C0379,parcel,2024-03-30 05:09:00,2,riverside,riverside,medium,56.89,phone,0
O00571,C0213,passenger,2024-09-27 00:27:00,24,central,riverside,medium,64.21,web,0
O00572,C0202,parcel,2025-02-06 19:33:00,4,west,riverside,high,134.79,app,1
O00573,C0269,retail,2024-04-22 09:36:00,4,central,central,high,150.38,app,0
O00574,C0110,retail,2024-05-03 02:42:00,6,riverside,north,medium,59.99,app,0
O00575,C0179,retail,2025-08-15 06:14:00,12,riverside,riverside,medium,30.5,phone,0
O00576,C0393,retail,2024-09-06 19:49:00,6,south,south,medium,113.92,app,0
O00577,C0641,parcel,2025-06-09 22:52:00,2,airport,east,high,16.62,phone,1
O00578,C0639,retail,2024-03-04 07:04:00,4,ctr,central,high,18.53,app,0
O00579,C0624,medical,2025-09-05 10:06:00,4,airport,south,low,24.91,phone,0
O00580,C0461,retail,2024-02-12 06:39:00,1,west,riverside,critical,78.71,app,0
O00581,C0495,passenger,2025-12-09 05:52:00,12,north,south,low,138.33,app,0
O00582,C0275,parcel,2024-11-06 10:05:00,2,south,central,medium,48.36,phone,0
O00583,C0469,retail,2025-04-17 18:58:00,6,south,riverside,medium,89.45,web,1
O00584,C0377,retail,2024-07-06 00:20:00,6,airport,west,medium,137.29,app,0
O00585,C0160,medical,2025-02-25 13:02:00,1,south,riverside,medium,215.96,web,1
O00586,C0421,parcel,2024-03-31 07:09:00,12,central,west,critical,31.49,,0
O00587,C0113,retail,2025-06-07 21:10:00,4,east,airport,high,115.16,web,0
O00588,C0515,passenger,2024-06-03 11:49:00,4,airport,airport,low,236.46,web,0
O00589,C0344,parcel,2024-05-23 06:12:00,6,riverside,central,high,81.6,phone,0
O00590,C0386,parcel,2024-08-12 21:21:00,2,north,north,medium,20.52,phone,0
O00591,C0228,passenger,2025-12-26 02:00:00,4,north,riverside,medium,15.8,app,1
O00592,C0563,business,2025-05-06 01:31:00,2,riverside,east,low,220.79,phone,0
O00593,C0406,passenger,2025-06-22 10:58:00,1,central,riverside,high,63.86,phone,0
O00594,C0116,retail,2024-03-11 19:40:00,4,central,east,medium,149.86,app,1
O00595,C0377,business,2024-03-05 06:55:00,12,south,airport,medium,71.08,app,1
O00596,C0394,parcel,2025-10-02 01:54:00,12,south,east,low,119.64,app,0
O00597,C0238,parcel,2025-01-09 13:05:00,6,north,north,high,169.18,app,0
O00598,C0621,retail,2025-10-28 22:22:00,24,riverside,ctr,medium,201.88,app,0
O00599,C0077,passenger,2025-08-19 05:51:00,1,south,east,medium,179.87,app,0
O00600,C0476,parcel,2025-05-19 21:49:00,24,airport,north,low,235.8,app,0
O00601,C0335,retail,2025-05-23 04:16:00,6,north,south,low,49.24,phone,0
O00602,C0257,passenger,2025-12-11 09:57:00,6,ctr,airport,medium,127.09,web,0
O00603,C0351,parcel,2024-02-24 23:29:00,24,west,riverside,medium,66.39,app,0
O00604,C0584,passenger,2025-11-27 18:10:00,4,ctr,airport,medium,65.15,web,0
O00605,C0585,medical,2025-03-21 12:52:00,1,riverside,airport,low,47.71,web,1
O00606,C0050,medical,2025-10-17 16:19:00,1,central,west,high,37.75,web,0
O00607,C0576,parcel,2025-08-30 17:41:00,12,west,west,low,219.79,app,1
O00608,C0394,medical,2025-10-09 03:04:00,4,west,east,high,71.8,web,0
O00609,C0621,parcel,2024-09-15 07:15:00,12,east,east,low,71.86,app,0
O00610,C0635,passenger,2024-07-21 18:29:00,24,south,riverside,medium,169.63,api,0
O00611,C0374,retail,2025-07-29 07:56:00,2,west,west,low,132.01,app,0
O00612,C0169,retail,2025-05-19 18:58:00,4,west,east,critical,60.06,phone,0
O00613,C0650,retail,2025-12-02 22:03:00,4,airport,central,low,84.48,app,0
O00614,C0393,passenger,2025-02-05 21:50:00,2,west,riverside,medium,259.73,app,0
O00615,C0295,parcel,2025-02-08 20:43:00,1,west,west,high,44.37,app,0
O00616,C0114,retail,2024-12-16 12:25:00,6,east,ctr,medium,50.57,phone,0
O00617,C0352,medical,2024-03-30 07:41:00,1,central,riverside,medium,77.56,web,0
O00618,C0581,parcel,2025-11-19 10:42:00,12,central,south,medium,41.64,app,0
O00619,C0268,retail,2025-09-01 13:50:00,1,central,north,medium,86.7,app,0
O00620,C0467,retail,2024-11-08 00:19:00,2,south,west,low,27.57,app,0
O00621,C0026,parcel,2025-05-15 19:01:00,12,airport,airport,medium,103.8,app,0
O00622,C0439,passenger,2024-04-23 15:26:00,24,central,central,high,48.84,phone,0
O00623,C0361,business,2025-02-24 19:19:00,24,airport,south,high,193.96,web,0
O00624,C0117,passenger,2025-04-13 04:21:00,24,west,ctr,medium,25.82,web,0
O00625,C0376,business,2025-07-12 06:05:00,24,west,south,medium,77.48,phone,1
O00626,C0072,parcel,2024-12-28 12:54:00,4,north,north,medium,24.6,web,1
O00627,C0114,parcel,2025-04-22 19:02:00,6,central,central,medium,67.07,web,1
O00628,C0056,passenger,2024-10-26 10:05:00,12,riverside,north,medium,52.85,app,1
O00629,C0368,retail,2024-10-04 05:44:00,6,riverside,south,low,55.3,app,1
O00630,C0369,retail,2025-03-28 13:42:00,2,central,ctr,low,86.61,app,0
O00631,C0574,business,2025-07-05 07:07:00,2,south,riverside,low,47.21,app,0
O00632,C0611,passenger,2024-08-09 21:40:00,1,central,central,high,33.21,web,1
O00633,C0235,passenger,2024-02-12 12:52:00,2,airport,central,low,79.57,app,0
O00634,C0536,parcel,2024-07-07 12:17:00,4,east,south,medium,171.58,app,0
O00635,C0314,parcel,2024-12-06 04:23:00,2,central,north,low,73.66,app,0
O00636,C0208,medical,2024-06-20 07:22:00,4,west,north,medium,134.63,app,1
O00637,C0304,passenger,2025-09-16 12:19:00,2,north,south,critical,89.63,phone,0
O00638,C0257,passenger,2025-05-26 10:56:00,6,west,west,medium,54.63,app,0
O00639,C0480,medical,2025-06-02 19:12:00,2,central,north,medium,141.93,web,0
O00640,C0102,passenger,2024-06-15 12:33:00,12,airport,west,medium,72.31,api,1
O00641,C0403,parcel,2024-01-10 00:54:00,24,north,airport,high,119.0,phone,0
O00642,C0329,retail,2024-06-28 03:15:00,4,riverside,airport,high,24.55,,0
O00643,C0349,parcel,2025-04-10 18:51:00,1,airport,riverside,low,181.69,web,1
O00644,C0084,business,2025-11-03 08:47:00,6,east,airport,high,6.28,app,0
O00645,C0517,passenger,2024-12-26 21:06:00,6,south,central,medium,82.91,api,0
O00646,C0518,retail,2025-07-19 23:55:00,2,east,south,medium,63.73,app,1
O00647,C0592,passenger,2025-06-10 21:24:00,12,west,airport,high,109.87,app,0
O00648,C0032,passenger,2024-05-18 08:42:00,2,west,south,medium,52.97,app,0
O00649,C0361,parcel,2025-03-02 02:32:00,4,east,riverside,low,30.88,app,0
O00650,C0206,parcel,2025-09-30 10:28:00,6,riverside,airport,low,39.65,app,0
O00651,C0345,parcel,2024-09-29 09:23:00,6,south,south,high,7.14,app,0
O00652,C0331,retail,2024-11-08 21:45:00,4,south,west,medium,35.54,app,0
O00653,C0397,retail,2025-10-09 21:24:00,12,riverside,south,medium,36.56,app,0
O00654,C0617,parcel,2025-06-18 21:03:00,24,ctr,airport,high,47.22,app,0
O00655,C0590,passenger,2025-11-01 15:31:00,4,south,east,low,52.51,phone,0
O00656,C0211,parcel,2025-01-07 22:01:00,6,west,north,high,82.24,web,0
O00657,C0135,passenger,2024-02-28 21:07:00,6,south,central,low,155.89,app,0
O00658,C0533,retail,2025-07-24 12:28:00,12,north,north,medium,68.43,app,0
O00659,C0002,retail,2024-11-14 16:57:00,12,south,north,low,135.53,api,0
O00660,C0288,passenger,2024-06-04 23:38:00,4,central,airport,high,27.65,web,1
O00661,C0241,retail,2025-04-14 01:20:00,4,ctr,riverside,high,97.98,phone,0
O00662,C0117,parcel,2025-05-09 04:00:00,12,south,airport,high,30.01,web,0
O00663,C0380,retail,2024-10-04 04:12:00,2,east,east,low,75.21,app,1
O00664,C0584,passenger,2025-08-24 18:32:00,4,airport,west,medium,176.19,app,0
O00665,C0522,passenger,2024-02-17 12:11:00,4,west,central,low,176.48,app,1
O00666,C0001,parcel,2025-08-26 20:17:00,24,airport,central,low,185.32,app,0
O00667,C0392,passenger,2025-10-04 07:18:00,2,east,west,medium,68.27,web,1
O00668,C0649,parcel,2025-07-11 00:26:00,6,airport,north,medium,135.89,app,0
O00669,C0529,parcel,2025-07-15 13:41:00,12,north,east,critical,80.79,app,0
O00670,C0305,retail,2024-03-27 21:40:00,4,south,west,high,128.5,app,1
O00671,C0111,retail,2025-01-24 15:45:00,1,north,north,medium,118.56,phone,0
O00672,C0567,retail,2025-01-03 22:57:00,24,airport,riverside,high,20.28,web,0
O00673,C0579,passenger,2024-10-11 10:10:00,24,west,west,high,133.78,phone,0
O00674,C0235,passenger,2025-08-11 15:52:00,2,central,east,medium,65.56,web,0
O00675,C0445,business,2024-02-19 17:22:00,24,riverside,north,low,47.44,app,0
O00676,C0494,business,2024-05-23 06:33:00,2,south,west,low,110.61,app,0
O00677,C0519,passenger,2024-03-04 05:19:00,4,east,west,high,79.31,web,0
O00678,C0197,business,2025-06-17 05:43:00,12,airport,airport,low,14.72,app,1
O00679,C0244,medical,2024-11-15 01:37:00,24,west,south,high,74.53,web,0
O00680,C0412,passenger,2024-10-31 12:49:00,2,ctr,west,high,56.97,web,0
O00681,C0438,parcel,2025-01-03 22:11:00,24,south,east,medium,47.11,phone,0
O00682,C0529,retail,2024-10-05 09:57:00,2,north,ctr,low,97.9,phone,0
O00683,C0375,medical,2025-05-01 06:39:00,6,east,airport,medium,114.16,,0
O00684,C0064,parcel,2024-11-24 14:25:00,24,central,airport,high,81.01,app,0
O00685,C0010,business,2024-04-21 21:16:00,6,west,west,low,107.85,phone,0
O00686,C0476,retail,2025-01-05 12:20:00,6,east,south,medium,72.67,web,0
O00687,C0253,passenger,2025-01-29 15:17:00,4,central,airport,medium,221.31,app,0
O00688,C0332,passenger,2024-04-25 06:59:00,6,north,west,high,38.09,phone,0
O00689,C0349,passenger,2025-09-29 14:32:00,4,riverside,riverside,medium,6.04,app,1
O00690,C0013,retail,2025-02-22 20:10:00,4,airport,north,high,159.46,app,0
O00691,C0532,retail,2024-11-18 01:09:00,12,north,east,high,231.13,app,0
O00692,C0223,parcel,2024-10-12 17:30:00,4,east,east,medium,73.56,web,0
O00693,C0199,retail,2025-11-08 17:54:00,2,airport,airport,medium,115.09,app,0
O00694,C0380,passenger,2025-11-17 13:48:00,6,ctr,riverside,medium,307.5,web,0
O00695,C0006,passenger,2024-03-19 08:25:00,6,south,east,low,92.36,app,0
O00696,C0090,passenger,2025-01-06 22:58:00,1,central,riverside,medium,67.44,app,0
O00697,C0454,medical,2025-02-09 16:51:00,6,east,west,medium,7.69,api,0
O00698,C0550,medical,2024-10-22 20:07:00,2,south,central,high,179.24,app,0
O00699,C0310,medical,2024-09-22 14:49:00,12,south,riverside,medium,202.46,web,0
O00700,C0443,passenger,2024-01-13 01:34:00,4,west,west,medium,110.49,phone,0
O00701,C0021,parcel,2025-12-15 18:19:00,4,east,riverside,medium,19.97,app,0
O00702,C0228,retail,2024-12-28 19:23:00,4,east,riverside,critical,77.66,app,0
O00703,C0493,medical,2024-09-28 07:56:00,6,airport,north,medium,250.93,phone,0
O00704,C0031,retail,2024-03-12 17:06:00,4,north,north,high,141.29,phone,0
O00705,C0013,parcel,2025-09-09 21:53:00,6,north,riverside,high,118.52,app,0
O00706,C0243,retail,2025-02-26 22:07:00,2,riverside,south,low,39.03,api,1
O00707,C0156,parcel,2024-11-10 05:41:00,4,central,east,medium,95.62,app,0
O00708,C0058,parcel,2024-06-29 23:40:00,4,west,west,low,108.04,phone,0
O00709,C0369,medical,2025-12-09 03:49:00,12,north,airport,critical,49.66,app,0
O00710,C0322,passenger,2025-02-17 12:53:00,6,south,south,low,91.43,web,0
O00711,C0412,passenger,2024-12-15 12:25:00,2,south,south,high,69.11,web,0
O00712,C0512,passenger,2025-05-26 10:22:00,2,north,west,high,105.64,phone,1
O00713,C0316,medical,2024-07-09 22:55:00,6,south,north,low,48.38,phone,0
O00714,C0456,passenger,2024-05-26 17:47:00,24,south,north,low,187.87,app,0
O00715,C0477,medical,2025-06-17 13:42:00,6,riverside,north,critical,125.92,app,0
O00716,C0072,passenger,2024-10-22 04:13:00,6,east,north,medium,5.92,app,0
O00717,C0508,retail,2024-12-12 21:04:00,4,east,south,low,72.1,web,0
O00718,C0533,passenger,2025-02-27 02:32:00,2,west,airport,low,144.45,phone,0
O00719,C0395,passenger,2024-01-04 18:42:00,2,west,central,low,11.54,web,0
O00720,C0140,business,2024-08-29 18:27:00,2,airport,airport,high,111.88,app,0
O00721,C0001,retail,2025-02-17 06:36:00,24,east,ctr,medium,70.79,app,1
O00722,C0523,business,2024-10-07 21:50:00,12,central,central,medium,72.65,phone,0
O00723,C0075,passenger,2024-05-15 04:14:00,1,north,central,low,94.32,app,0
O00724,C0317,passenger,2025-11-18 07:32:00,4,airport,north,low,98.05,app,0
O00725,C0153,passenger,2024-05-07 09:57:00,12,east,west,medium,61.87,app,0
O00726,C0284,retail,2024-02-04 23:52:00,4,airport,airport,medium,59.57,web,0
O00727,C0499,business,2025-10-26 12:56:00,2,south,south,medium,85.0,app,0
O00728,C0610,parcel,2024-10-21 04:41:00,24,south,riverside,low,50.95,app,0
O00729,C0574,parcel,2025-12-22 22:24:00,6,east,east,medium,51.28,app,0
O00730,C0353,retail,2025-09-19 08:45:00,1,east,east,high,112.07,api,0
O00731,C0014,passenger,2024-03-09 19:38:00,2,east,central,high,38.48,web,0
O00732,C0579,passenger,2025-06-05 08:38:00,4,east,central,medium,165.97,phone,0
O00733,C0609,passenger,2024-08-06 07:19:00,6,airport,west,medium,161.44,phone,0
O00734,C0087,retail,2024-04-06 11:43:00,12,east,east,medium,166.21,app,1
O00735,C0602,retail,2025-08-05 02:23:00,4,central,north,high,35.89,app,0
O00736,C0390,parcel,2024-01-24 22:33:00,12,central,east,medium,78.13,app,0
O00737,C0368,retail,2024-03-14 03:53:00,2,central,central,medium,117.82,web,1
O00738,C0354,retail,2024-11-28 06:00:00,2,airport,west,high,66.54,app,1
O00739,C0144,passenger,2025-04-13 20:48:00,12,south,north,low,76.04,phone,0
O00740,C0151,medical,2024-05-22 14:17:00,4,east,east,medium,67.9,web,1
O00741,C0552,retail,2025-05-30 01:28:00,6,airport,north,low,72.44,app,1
O00742,C0017,passenger,2025-08-27 17:38:00,12,airport,west,critical,45.26,app,0
O00743,C0166,retail,2024-02-03 01:34:00,2,east,south,medium,92.51,web,0
O00744,C0146,retail,2025-04-23 03:30:00,6,east,riverside,low,33.49,api,1
O00745,C0442,passenger,2024-08-17 09:40:00,24,south,airport,medium,46.93,app,0
O00746,C0014,medical,2024-12-14 10:33:00,1,north,riverside,low,73.76,web,0
O00747,C0264,retail,2025-08-05 07:13:00,2,east,south,medium,122.21,app,0
O00748,C0412,parcel,2025-07-23 06:18:00,24,west,south,low,41.63,api,0
O00749,C0196,retail,2025-08-14 17:45:00,6,east,riverside,low,47.61,app,0
O00750,C0368,retail,2024-02-01 07:49:00,6,north,south,low,62.8,phone,1
O00751,C0282,business,2024-06-26 00:51:00,4,north,west,medium,152.61,phone,0
O00752,C0628,retail,2025-05-31 08:27:00,2,riverside,central,medium,119.26,web,0
O00753,C0369,parcel,2025-01-18 02:40:00,2,airport,riverside,high,176.31,web,0
O00754,C0479,parcel,2024-10-07 23:05:00,4,central,airport,medium,65.19,app,0
O00755,C0014,passenger,2025-08-21 03:25:00,6,south,south,high,25.11,app,0
O00756,C0413,retail,2025-02-03 16:37:00,24,airport,north,medium,83.09,app,1
O00757,C0466,passenger,2025-02-22 07:42:00,12,east,south,medium,81.59,web,0
O00758,C0359,parcel,2024-02-26 11:34:00,6,east,west,low,144.81,phone,0
O00759,C0556,passenger,2024-12-03 21:16:00,1,central,north,medium,22.3,app,0
O00760,C0051,medical,2024-03-14 20:30:00,24,south,west,low,108.03,api,0
O00761,C0237,passenger,2025-08-12 04:27:00,12,north,east,low,109.93,app,0
O00762,C0118,retail,2025-04-09 21:56:00,4,east,south,medium,21.57,app,0
O00763,C0020,retail,2025-12-26 19:29:00,4,east,airport,low,154.35,api,0
O00764,C0452,retail,2024-07-14 10:39:00,2,north,west,medium,72.77,app,0
O00765,C0187,retail,2024-07-13 03:25:00,12,ctr,west,medium,60.26,app,1
O00766,C0118,parcel,2024-06-18 09:48:00,2,east,south,low,79.18,phone,0
O00767,C0107,business,2024-07-17 02:47:00,6,riverside,west,medium,57.81,web,0
O00768,C0606,retail,2025-06-12 00:28:00,4,central,west,medium,69.17,app,0
O00769,C0559,retail,2024-07-21 22:47:00,4,south,central,high,189.0,api,0
O00770,C0096,retail,2024-07-20 08:12:00,2,south,west,medium,68.11,app,0
O00771,C0208,passenger,2025-07-27 22:53:00,6,east,west,high,32.94,app,0
O00772,C0103,parcel,2024-10-30 23:50:00,24,east,north,high,152.15,app,0
O00773,C0172,parcel,2024-01-24 23:46:00,4,north,south,medium,114.02,app,0
O00774,C0639,parcel,2025-09-19 23:01:00,12,ctr,north,high,34.69,web,1
O00775,C0068,business,2024-03-05 11:13:00,12,riverside,central,high,94.46,app,0
O00776,C0571,parcel,2025-03-03 00:53:00,4,riverside,east,low,108.49,phone,0
O00777,C0226,retail,2025-10-18 23:47:00,6,east,riverside,high,14.64,app,0
O00778,C0514,parcel,2025-10-07 17:16:00,4,north,ctr,low,84.4,app,0
O00779,C0397,retail,2025-07-25 11:40:00,24,riverside,ctr,critical,69.68,app,0
O00780,C0490,parcel,2024-06-16 18:40:00,1,west,north,medium,80.48,web,0
O00781,C0049,retail,2024-11-19 11:19:00,12,north,ctr,high,75.82,web,0
O00782,C0610,passenger,2024-04-17 01:47:00,2,south,south,medium,37.19,web,0
O00783,C0507,parcel,2024-06-28 22:22:00,4,north,east,critical,46.36,app,1
O00784,C0308,passenger,2025-03-07 00:51:00,12,east,south,low,21.26,phone,1
O00785,C0378,passenger,2025-12-31 14:49:00,4,east,central,high,98.07,phone,0
O00786,C0473,medical,2024-04-14 10:06:00,6,riverside,west,medium,69.28,api,0
O00787,C0483,parcel,2024-06-06 11:49:00,6,north,riverside,low,192.62,web,0
O00788,C0444,medical,2025-04-27 15:05:00,4,airport,north,medium,116.09,phone,0
O00789,C0201,business,2024-12-11 10:30:00,6,central,riverside,high,163.0,app,1
O00790,C0028,retail,2024-05-11 03:33:00,2,airport,west,high,283.08,web,0
O00791,C0632,passenger,2025-07-30 08:32:00,4,east,airport,medium,107.8,app,0
O00792,C0173,retail,2025-02-02 06:22:00,4,riverside,south,medium,156.57,app,0
O00793,C0259,business,2024-09-14 21:01:00,12,central,south,medium,70.51,phone,0
O00794,C0415,retail,2024-07-16 22:17:00,12,central,airport,low,154.5,app,0
O00795,C0142,retail,2025-06-15 13:49:00,2,riverside,central,medium,42.52,app,0
O00796,C0385,business,2025-01-28 05:51:00,6,ctr,north,high,209.05,api,0
O00797,C0231,passenger,2025-03-23 04:08:00,4,riverside,riverside,medium,47.39,app,1
O00798,C0547,retail,2024-01-14 03:13:00,4,south,north,low,55.01,app,0
O00799,C0289,passenger,2025-08-22 17:24:00,24,east,south,high,260.0,web,0
O00800,C0032,medical,2024-01-29 00:52:00,6,south,north,medium,102.47,phone,0
O00801,C0138,retail,2024-03-29 14:49:00,6,south,north,medium,111.28,app,0
O00802,C0187,passenger,2024-02-14 06:56:00,24,west,west,medium,32.72,phone,0
O00803,C0509,retail,2025-08-09 17:58:00,6,east,airport,high,60.3,app,0
O00804,C0383,parcel,2024-03-13 10:21:00,24,central,riverside,medium,278.77,phone,0
O00805,C0426,passenger,2025-10-01 17:56:00,6,north,central,low,180.16,app,0
O00806,C0622,business,2025-04-17 15:49:00,12,north,central,medium,100.44,app,1
O00807,C0162,parcel,2025-10-16 06:00:00,4,south,riverside,medium,155.63,app,1
O00808,C0598,passenger,2024-09-06 06:57:00,4,riverside,west,high,79.62,app,0
O00809,C0595,retail,2024-12-29 12:56:00,2,riverside,south,medium,84.04,,0
O00810,C0408,parcel,2024-04-16 03:37:00,12,north,south,high,129.12,app,0
O00811,C0267,retail,2024-05-09 06:28:00,6,north,riverside,medium,104.5,app,1
O00812,C0219,parcel,2025-04-12 18:37:00,24,west,airport,medium,55.92,app,0
O00813,C0642,parcel,2025-10-13 21:45:00,4,north,north,medium,75.79,app,0
O00814,C0464,passenger,2025-03-26 02:36:00,12,east,riverside,medium,27.9,phone,0
O00815,C0347,parcel,2024-02-25 15:10:00,24,airport,airport,high,216.89,app,1
O00816,C0113,passenger,2025-02-13 20:43:00,12,east,ctr,low,62.91,web,0
O00817,C0391,retail,2025-12-31 07:45:00,2,north,south,low,208.48,phone,0
O00818,C0561,business,2025-10-27 15:44:00,1,riverside,north,medium,82.82,web,1
O00819,C0098,retail,2025-04-28 19:09:00,4,airport,west,low,93.02,app,0
O00820,C0121,passenger,2024-05-01 15:38:00,6,riverside,north,low,231.32,app,0
O00821,C0266,parcel,2025-01-25 02:44:00,6,central,south,medium,78.86,phone,0
O00822,C0186,parcel,2024-09-01 07:00:00,1,west,south,medium,55.85,phone,0
O00823,C0264,passenger,2025-02-05 18:50:00,12,east,north,medium,122.9,app,0
O00824,C0074,retail,2024-08-17 20:47:00,12,south,east,medium,271.33,web,0
O00825,C0010,business,2025-10-25 01:15:00,4,south,west,medium,58.21,phone,0
O00826,C0055,parcel,2024-04-06 06:51:00,4,airport,ctr,medium,118.93,app,0
O00827,C0152,medical,2024-01-01 01:29:00,24,east,south,medium,19.26,web,0
O00828,C0025,passenger,2024-02-19 12:15:00,24,west,west,low,61.71,app,0
O00829,C0032,passenger,2024-08-12 21:02:00,4,south,west,high,32.2,phone,1
O00830,C0347,passenger,2025-07-23 20:36:00,2,south,south,high,71.2,phone,0
O00831,C0560,business,2025-02-27 08:02:00,4,riverside,central,medium,130.28,app,0
O00832,C0436,parcel,2024-06-06 14:01:00,6,central,airport,low,99.75,app,1
O00833,C0431,parcel,2025-05-05 03:48:00,2,central,riverside,medium,141.48,app,0
O00834,C0526,parcel,2025-12-28 03:11:00,1,east,airport,low,265.72,web,0
O00835,C0317,passenger,2024-05-26 16:10:00,6,south,airport,medium,51.0,app,0
O00836,C0186,passenger,2025-09-22 16:20:00,6,south,north,low,45.9,app,1
O00837,C0578,parcel,2024-04-18 16:50:00,24,east,west,low,35.47,app,0
O00838,C0549,passenger,2025-01-25 00:04:00,6,ctr,central,low,48.73,web,0
O00839,C0046,parcel,2024-01-31 17:41:00,6,riverside,west,low,229.63,app,0
O00840,C0358,passenger,2024-03-28 16:35:00,6,south,east,medium,142.01,web,0
O00841,C0132,business,2025-09-26 19:38:00,6,airport,south,medium,21.71,app,0
O00842,C0588,retail,2025-07-04 02:45:00,12,central,east,low,153.82,web,0
O00843,C0095,medical,2024-02-25 21:34:00,12,north,riverside,critical,84.18,phone,1
O00844,C0276,medical,2025-09-21 09:29:00,6,riverside,riverside,high,76.02,app,0
O00845,C0276,business,2025-02-10 21:00:00,4,airport,north,medium,65.51,phone,0
O00846,C0372,parcel,2025-07-27 23:13:00,2,east,east,high,117.43,web,0
O00847,C0303,retail,2024-01-25 05:53:00,12,central,ctr,low,47.99,app,1
O00848,C0489,business,2025-06-03 14:13:00,6,north,south,high,27.71,,1
O00849,C0412,passenger,2024-05-05 22:41:00,4,airport,north,high,230.22,app,0
O00850,C0601,parcel,2024-07-31 21:27:00,6,west,east,high,24.48,app,0
O00851,C0480,business,2024-04-23 19:05:00,12,south,riverside,medium,49.34,phone,0
O00852,C0599,retail,2025-07-13 16:22:00,2,north,riverside,medium,126.8,,1
O00853,C0335,parcel,2025-11-24 03:05:00,24,south,east,low,22.04,app,0
O00854,C0343,parcel,2024-09-01 03:05:00,4,airport,airport,low,90.75,web,0
O00855,C0342,parcel,2025-01-11 08:19:00,6,airport,south,critical,140.01,web,0
O00856,C0574,parcel,2024-11-12 09:09:00,12,south,central,high,58.06,app,0
O00857,C0104,retail,2025-05-20 19:36:00,1,ctr,west,high,140.14,app,1
O00858,C0045,parcel,2024-12-08 06:00:00,1,riverside,west,critical,129.56,web,0
O00859,C0476,retail,2024-03-21 02:02:00,6,airport,ctr,low,83.53,app,1
O00860,C0076,medical,2024-04-26 21:44:00,2,east,south,medium,292.33,app,0
O00861,C0265,passenger,2025-09-05 06:33:00,2,east,central,medium,90.82,app,0
O00862,C0599,retail,2025-01-29 14:26:00,4,east,north,medium,84.14,phone,0
O00863,C0274,passenger,2025-09-17 18:41:00,12,riverside,west,low,29.36,phone,0
O00864,C0246,business,2024-08-03 23:48:00,4,airport,central,low,45.78,phone,0
O00865,C0597,parcel,2024-03-22 00:53:00,2,east,south,medium,55.13,web,0
O00866,C0317,parcel,2024-03-01 22:46:00,24,west,riverside,medium,117.83,web,0
O00867,C0313,parcel,2024-02-01 21:43:00,6,riverside,ctr,low,34.43,app,0
O00868,C0037,passenger,2024-05-18 13:51:00,4,central,west,medium,117.19,phone,1
O00869,C0490,parcel,2024-02-26 05:39:00,4,central,riverside,medium,59.8,app,1
O00870,C0092,passenger,2024-10-27 14:16:00,12,south,airport,high,144.13,web,0
O00871,C0298,parcel,2025-12-24 04:16:00,6,riverside,north,high,46.35,phone,0
O00872,C0294,medical,2024-11-03 11:01:00,2,east,south,low,113.37,app,0
O00873,C0015,parcel,2024-11-28 12:06:00,6,north,south,high,106.49,,0
O00874,C0360,parcel,2024-06-15 14:10:00,6,east,west,high,246.43,phone,0
O00875,C0027,business,2025-10-31 20:59:00,12,north,east,high,64.89,web,0
O00876,C0301,parcel,2025-04-29 19:53:00,4,west,airport,low,75.93,app,0
O00877,C0277,retail,2024-11-29 08:51:00,4,east,west,medium,14.29,phone,0
O00878,C0190,medical,2024-09-12 00:26:00,6,riverside,west,low,35.24,app,0
O00879,C0419,medical,2025-07-04 00:21:00,4,south,west,low,123.72,app,0
O00880,C0020,parcel,2024-08-24 17:56:00,24,south,north,low,51.19,app,1
O00881,C0545,passenger,2024-12-31 10:00:00,6,riverside,south,low,83.23,app,0
O00882,C0204,parcel,2024-09-01 10:50:00,2,ctr,central,high,141.57,phone,0
O00883,C0335,business,2024-03-22 17:10:00,12,north,north,medium,139.75,web,0
O00884,C0339,parcel,2024-04-17 01:52:00,6,central,west,medium,16.66,web,0
O00885,C0338,medical,2024-11-17 13:40:00,24,riverside,central,critical,125.38,app,0
O00886,C0618,passenger,2024-12-11 11:04:00,1,east,central,low,88.24,app,1
O00887,C0434,retail,2025-07-04 03:29:00,24,central,north,low,173.81,phone,0
O00888,C0254,medical,2024-06-13 06:33:00,2,riverside,riverside,low,139.5,app,0
O00889,C0322,retail,2024-02-24 20:42:00,4,west,west,critical,40.25,app,0
O00890,C0232,retail,2025-07-05 07:58:00,24,central,east,high,88.41,app,0
O00891,C0449,passenger,2025-02-21 16:44:00,2,ctr,airport,medium,82.47,web,0
O00892,C0157,passenger,2025-10-08 02:41:00,2,airport,airport,medium,326.38,web,0
O00893,C0391,business,2024-08-05 06:18:00,2,south,south,high,33.29,phone,0
O00894,C0636,parcel,2024-01-14 22:16:00,2,east,airport,low,114.94,web,0
O00895,C0599,parcel,2025-03-17 22:07:00,4,riverside,central,medium,63.95,api,0
O00896,C0145,passenger,2024-06-29 19:28:00,6,east,south,low,50.35,app,0
O00897,C0434,passenger,2025-09-21 21:10:00,6,south,west,low,101.28,web,0
O00898,C0643,passenger,2025-12-08 23:18:00,24,east,north,low,82.8,app,0
O00899,C0440,passenger,2025-02-04 07:21:00,6,airport,riverside,critical,184.27,web,0
O00900,C0248,passenger,2024-09-20 00:05:00,2,riverside,airport,high,100.64,api,0
O00901,C0222,retail,2025-12-08 06:41:00,2,central,airport,critical,136.84,phone,0
O00902,C0309,parcel,2024-09-22 19:41:00,6,east,west,medium,70.09,app,0
O00903,C0380,parcel,2025-10-20 23:37:00,4,ctr,east,low,18.78,web,1
O00904,C0618,passenger,2024-05-25 20:04:00,4,airport,airport,low,95.34,app,0
O00905,C0622,parcel,2025-09-04 02:44:00,6,east,central,medium,63.25,app,0
O00906,C0480,passenger,2025-02-04 09:04:00,24,west,riverside,high,133.71,app,0
O00907,C0173,business,2024-03-06 23:04:00,6,east,east,medium,37.24,phone,0
O00908,C0167,parcel,2025-07-02 00:04:00,6,airport,east,low,142.89,app,1
O00909,C0324,business,2025-01-05 02:09:00,12,north,east,high,117.13,app,0
O00910,C0465,business,2025-07-24 03:46:00,6,north,north,medium,159.86,app,0
O00911,C0214,retail,2025-05-20 20:32:00,4,riverside,central,high,24.34,app,0
O00912,C0325,business,2025-12-05 08:58:00,6,east,west,low,39.19,phone,1
O00913,C0091,retail,2025-04-05 05:57:00,6,west,south,low,14.48,phone,0
O00914,C0258,retail,2024-04-12 08:19:00,6,south,north,medium,217.46,app,0
O00915,C0499,parcel,2025-02-08 13:44:00,24,south,riverside,critical,93.22,web,0
O00916,C0328,passenger,2025-12-07 05:28:00,12,south,south,medium,68.21,app,0
O00917,C0027,retail,2024-04-07 14:21:00,6,ctr,central,low,30.8,,0
O00918,C0147,business,2024-11-26 06:01:00,1,riverside,north,critical,50.49,app,1
O00919,C0619,retail,2025-02-01 07:06:00,4,riverside,north,low,229.93,app,0
O00920,C0242,passenger,2024-08-01 11:42:00,12,riverside,east,low,74.71,app,0
O00921,C0448,retail,2024-12-09 08:39:00,4,east,central,medium,198.22,app,0
O00922,C0467,retail,2024-01-11 06:04:00,12,west,central,low,41.3,phone,0
O00923,C0334,parcel,2024-04-01 05:50:00,1,west,west,low,69.93,app,0
O00924,C0139,retail,2025-11-06 21:37:00,24,west,ctr,low,44.93,api,1
O00925,C0530,business,2024-11-15 21:16:00,12,south,airport,low,162.25,web,0
O00926,C0322,parcel,2024-07-03 01:09:00,12,east,east,low,50.92,phone,0
O00927,C0533,medical,2025-05-07 03:53:00,6,north,west,medium,76.32,app,0
O00928,C0231,parcel,2024-02-28 12:16:00,24,south,airport,medium,60.36,app,0
O00929,C0195,parcel,2025-10-29 02:36:00,2,central,riverside,medium,117.07,phone,0
O00930,C0370,retail,2025-08-20 07:03:00,4,ctr,riverside,high,133.79,app,0
O00931,C0213,parcel,2024-03-07 09:00:00,4,north,north,high,70.8,app,0
O00932,C0221,parcel,2024-10-01 04:59:00,2,airport,west,medium,51.33,phone,0
O00933,C0534,passenger,2024-12-29 11:34:00,6,south,airport,high,96.98,phone,1
O00934,C0437,business,2024-06-29 04:23:00,4,north,east,medium,80.26,app,0
O00935,C0404,parcel,2024-09-14 11:23:00,12,east,east,high,132.13,phone,1
O00936,C0498,passenger,2024-06-19 16:42:00,4,central,airport,high,129.0,web,0
O00937,C0549,parcel,2024-04-24 07:58:00,4,riverside,south,high,31.56,app,0
O00938,C0567,business,2024-06-18 09:48:00,6,central,central,medium,151.14,web,0
O00939,C0085,medical,2025-01-24 00:14:00,12,south,south,critical,91.71,app,1
O00940,C0575,parcel,2025-10-26 06:56:00,6,west,west,high,99.21,phone,0
O00941,C0571,passenger,2024-08-12 12:54:00,1,west,west,high,110.52,web,0
O00942,C0291,passenger,2025-01-09 07:41:00,12,ctr,riverside,high,101.75,app,0
O00943,C0372,passenger,2025-04-28 08:55:00,4,north,west,low,157.16,api,1
O00944,C0343,passenger,2024-01-08 01:06:00,24,ctr,north,low,216.6,app,1
O00945,C0567,retail,2025-11-10 12:53:00,6,north,north,medium,155.97,app,0
O00946,C0558,parcel,2025-01-13 07:18:00,24,south,south,medium,113.57,app,0
O00947,C0467,passenger,2024-01-31 15:28:00,4,north,north,high,89.52,app,0
O00948,C0626,business,2025-05-14 03:07:00,6,north,west,low,60.77,app,0
O00949,C0023,medical,2025-04-15 17:45:00,24,west,west,medium,71.3,web,0
O00950,C0564,passenger,2025-05-18 02:25:00,24,south,airport,medium,82.99,phone,0
O00951,C0199,passenger,2024-04-30 15:30:00,6,east,airport,low,208.66,phone,0
O00952,C0156,passenger,2024-06-26 07:27:00,4,central,riverside,medium,183.79,app,0
O00953,C0193,parcel,2025-03-26 01:07:00,12,south,south,medium,3.57,app,0
O00954,C0599,passenger,2024-07-14 02:17:00,4,south,south,critical,62.7,web,0
O00955,C0163,passenger,2025-01-04 14:30:00,4,central,west,low,50.43,,0
O00956,C0257,medical,2024-09-01 10:35:00,4,west,south,medium,53.1,app,0
O00957,C0385,passenger,2024-02-28 02:32:00,1,north,north,critical,12.91,app,0
O00958,C0132,passenger,2024-08-15 15:47:00,4,airport,central,critical,33.24,web,0
O00959,C0545,medical,2024-08-09 18:39:00,12,airport,south,low,88.7,phone,1
O00960,C0554,passenger,2025-01-20 03:03:00,1,riverside,north,medium,86.06,app,0
O00961,C0307,parcel,2025-03-18 16:03:00,4,ctr,airport,medium,168.98,app,1
O00962,C0113,passenger,2024-09-02 16:10:00,4,south,central,low,108.48,,0
O00963,C0528,medical,2025-06-06 10:13:00,24,north,east,medium,30.53,api,0
O00964,C0247,retail,2024-04-13 02:30:00,2,central,south,high,178.23,phone,0
O00965,C0384,passenger,2024-09-28 14:59:00,6,east,north,low,76.97,web,0
O00966,C0568,retail,2025-04-16 23:08:00,12,ctr,central,high,29.24,app,1
O00967,C0343,business,2024-03-17 14:40:00,6,north,west,medium,50.8,app,0
O00968,C0529,business,2024-11-21 03:13:00,12,south,central,medium,76.41,app,0
O00969,C0372,parcel,2024-10-14 21:50:00,2,north,riverside,high,36.75,phone,0
O00970,C0099,retail,2025-01-04 02:07:00,2,north,airport,medium,29.04,web,0
O00971,C0405,parcel,2025-12-21 15:30:00,6,central,south,high,14.62,app,0
O00972,C0396,parcel,2024-09-20 05:32:00,24,east,south,medium,95.82,web,1
O00973,C0506,parcel,2024-01-12 20:41:00,1,airport,west,low,81.56,app,0
O00974,C0071,retail,2025-06-11 00:41:00,4,east,riverside,medium,74.02,app,0
O00975,C0455,retail,2025-04-26 21:47:00,4,central,south,medium,33.56,app,0
O00976,C0078,medical,2024-02-02 17:41:00,24,central,east,high,40.78,phone,0
O00977,C0235,retail,2024-08-27 15:42:00,4,west,west,medium,25.58,app,1
O00978,C0515,parcel,2025-09-11 04:41:00,24,riverside,central,high,124.25,app,0
O00979,C0257,business,2025-01-08 04:24:00,12,north,west,low,54.09,phone,0
O00980,C0545,parcel,2024-11-25 23:02:00,4,west,riverside,medium,510.06,app,0
O00981,C0597,medical,2025-01-11 21:57:00,24,airport,riverside,high,107.45,app,0
O00982,C0616,parcel,2025-10-28 05:44:00,4,east,north,critical,131.9,app,0
O00983,C0538,passenger,2024-08-20 00:38:00,4,central,north,medium,122.09,web,0
O00984,C0155,parcel,2025-04-14 23:05:00,6,east,west,medium,79.05,app,0
O00985,C0461,parcel,2025-04-05 06:54:00,6,north,west,low,117.68,app,0
O00986,C0303,parcel,2024-02-06 09:28:00,24,south,south,medium,111.61,phone,0
O00987,C0612,retail,2024-05-23 06:19:00,24,west,ctr,high,115.17,app,0
O00988,C0330,parcel,2024-11-17 18:12:00,6,central,riverside,low,43.93,app,0
O00989,C0351,medical,2024-03-08 12:01:00,1,north,central,medium,89.8,api,0
O00990,C0053,retail,2025-11-26 05:00:00,4,south,central,high,199.17,phone,0
O00991,C0175,business,2025-01-03 15:14:00,4,east,ctr,high,61.06,app,0
O00992,C0438,retail,2024-03-08 15:23:00,4,ctr,south,high,54.25,phone,0
O00993,C0440,passenger,2025-06-07 23:31:00,24,east,north,high,51.85,phone,1
O00994,C0521,retail,2025-11-19 06:39:00,1,south,south,high,40.11,api,0
O00995,C0622,passenger,2024-08-09 06:53:00,24,central,west,medium,202.67,phone,0
O00996,C0238,passenger,2025-04-26 06:19:00,4,central,east,high,52.53,app,1
O00997,C0560,retail,2025-04-12 08:14:00,4,south,west,critical,59.22,web,0
O00998,C0169,parcel,2024-11-25 01:26:00,6,north,south,medium,23.86,phone,1
O00999,C0613,retail,2024-06-30 10:26:00,24,riverside,south,high,170.69,web,1
O01000,C0576,retail,2025-11-15 22:01:00,6,airport,west,medium,59.9,api,1
O01001,C0413,passenger,2025-08-05 11:49:00,12,west,ctr,high,78.37,web,0
O01002,C0607,business,2024-06-14 07:52:00,12,west,west,medium,109.31,web,1
O01003,C0473,passenger,2024-01-01 04:38:00,24,airport,west,low,60.87,web,0
O01004,C0056,retail,2024-09-21 19:29:00,2,central,airport,high,98.19,web,0
O01005,C0104,business,2025-05-01 17:35:00,12,riverside,south,high,127.67,app,0
O01006,C0112,parcel,2025-12-29 12:08:00,12,central,east,high,74.48,phone,1
O01007,C0556,medical,2024-09-24 07:35:00,12,riverside,riverside,medium,46.92,app,0
O01008,C0575,parcel,2024-05-03 08:26:00,12,west,north,high,76.64,app,0
O01009,C0545,passenger,2024-06-01 04:33:00,4,east,riverside,medium,167.86,web,1
O01010,C0018,business,2024-05-18 18:20:00,6,west,south,low,55.14,,0
O01011,C0257,business,2024-02-28 05:14:00,12,airport,south,low,103.05,app,1
O01012,C0532,retail,2025-03-08 05:05:00,1,riverside,ctr,critical,99.1,app,0
O01013,C0185,passenger,2025-08-22 14:50:00,4,ctr,north,low,76.79,web,0
O01014,C0106,medical,2025-02-22 08:56:00,1,south,airport,medium,47.39,app,0
O01015,C0226,passenger,2025-08-06 21:14:00,6,riverside,ctr,high,40.54,phone,0
O01016,C0407,retail,2024-06-03 23:17:00,6,airport,south,high,76.82,,0
O01017,C0201,retail,2025-12-30 13:06:00,6,central,west,high,30.84,phone,0
O01018,C0180,parcel,2024-02-22 13:58:00,12,west,airport,medium,98.9,app,0
O01019,C0626,parcel,2024-04-16 00:57:00,4,west,east,high,206.52,app,0
O01020,C0321,retail,2024-10-23 02:18:00,2,airport,south,high,77.64,app,0
O01021,C0625,retail,2024-06-28 04:26:00,6,west,central,high,78.29,api,0
O01022,C0061,retail,2024-03-16 16:24:00,24,east,south,medium,43.98,web,0
O01023,C0243,parcel,2024-11-03 21:41:00,6,riverside,ctr,medium,89.2,,0
O01024,C0396,passenger,2025-12-23 16:37:00,4,north,west,low,129.76,app,0
O01025,C0390,parcel,2024-04-29 14:15:00,6,west,north,medium,75.72,app,0
O01026,C0309,business,2025-05-26 21:33:00,1,west,ctr,high,20.25,phone,0
O01027,C0492,parcel,2025-08-23 21:51:00,4,east,central,medium,97.55,app,0
O01028,C0373,passenger,2025-01-13 16:35:00,4,south,south,medium,109.71,api,1
O01029,C0478,retail,2024-07-16 13:04:00,1,east,north,medium,87.86,app,0
O01030,C0279,parcel,2025-08-29 08:36:00,6,ctr,west,high,186.34,web,1
O01031,C0578,business,2025-01-26 05:55:00,6,east,central,medium,80.04,web,0
O01032,C0357,passenger,2025-12-09 08:41:00,4,west,east,high,74.27,phone,0
O01033,C0234,medical,2024-08-30 13:23:00,1,west,central,low,11.57,phone,1
O01034,C0032,business,2025-06-20 08:43:00,24,east,south,medium,9.2,web,0
O01035,C0508,business,2024-03-16 22:47:00,6,east,riverside,low,54.57,app,0
O01036,C0647,medical,2024-02-28 19:43:00,4,central,north,low,66.82,app,1
O01037,C0226,passenger,2025-04-28 06:43:00,6,south,north,high,55.58,web,0
O01038,C0141,business,2024-12-01 00:28:00,6,west,south,critical,20.72,phone,0
O01039,C0171,passenger,2025-05-01 10:43:00,6,west,riverside,low,84.17,app,1
O01040,C0290,passenger,2025-12-27 20:56:00,4,airport,central,medium,59.93,web,1
O01041,C0551,passenger,2024-07-03 14:20:00,4,south,west,medium,41.43,app,0
O01042,C0571,passenger,2024-08-26 13:05:00,12,airport,east,low,54.55,phone,0
O01043,C0371,retail,2024-07-31 17:26:00,12,central,riverside,medium,93.72,phone,1
O01044,C0190,retail,2025-02-14 04:57:00,12,airport,riverside,low,70.39,app,1
O01045,C0506,parcel,2024-08-26 11:47:00,1,ctr,airport,high,53.78,web,1
O01046,C0591,retail,2025-12-26 11:24:00,24,south,east,high,169.64,phone,0
O01047,C0121,parcel,2025-11-10 15:49:00,4,west,riverside,high,32.59,phone,0
O01048,C0458,medical,2025-01-08 04:14:00,12,airport,airport,medium,160.1,phone,1
O01049,C0527,retail,2025-10-17 06:56:00,12,west,west,medium,69.8,app,0
O01050,C0363,passenger,2024-09-29 03:02:00,6,central,south,medium,73.98,api,0
O01051,C0288,retail,2025-06-06 04:56:00,4,central,airport,low,74.57,phone,0
O01052,C0429,retail,2025-02-19 19:26:00,6,east,south,low,91.5,app,0
O01053,C0106,passenger,2025-10-23 02:30:00,6,east,west,low,285.05,app,0
O01054,C0216,retail,2025-08-19 14:21:00,4,south,airport,medium,260.15,web,0
O01055,C0621,parcel,2025-08-13 17:22:00,6,north,south,medium,33.59,web,0
O01056,C0203,retail,2024-12-19 22:48:00,4,east,airport,medium,111.26,phone,1
O01057,C0579,passenger,2025-03-23 10:11:00,4,airport,north,medium,50.3,app,0
O01058,C0215,retail,2025-05-08 22:01:00,6,airport,west,low,179.11,app,0
O01059,C0107,business,2025-11-23 21:49:00,6,east,east,medium,19.55,app,0
O01060,C0277,parcel,2024-06-13 12:23:00,2,west,north,low,103.55,web,0
O01061,C0535,retail,2024-04-29 20:49:00,2,central,west,medium,13.17,app,0
O01062,C0559,medical,2024-10-26 17:41:00,4,east,central,medium,128.73,app,1
O01063,C0054,retail,2024-07-27 20:15:00,12,east,riverside,medium,47.11,app,1
O01064,C0095,passenger,2025-12-22 18:49:00,12,central,airport,medium,48.29,app,1
O01065,C0436,parcel,2024-07-20 11:49:00,4,south,south,medium,35.51,web,1
O01066,C0084,business,2024-11-04 20:16:00,2,east,airport,low,54.18,phone,1
O01067,C0304,retail,2024-06-16 02:38:00,12,north,west,low,8.17,api,0
O01068,C0089,passenger,2025-04-10 21:56:00,2,riverside,west,low,53.32,app,0
O01069,C0219,passenger,2025-08-25 01:12:00,12,central,north,high,18.2,app,1
O01070,C0335,parcel,2024-01-16 19:34:00,24,east,north,low,153.81,phone,0
O01071,C0055,retail,2025-02-26 23:35:00,12,south,east,medium,97.8,app,0
O01072,C0384,passenger,2024-10-05 00:04:00,6,west,north,high,172.79,app,0
O01073,C0047,passenger,2024-01-05 05:05:00,6,central,airport,medium,34.23,app,0
O01074,C0499,passenger,2025-12-13 07:00:00,2,ctr,south,low,51.75,app,0
O01075,C0260,passenger,2024-06-26 07:11:00,2,east,airport,high,181.2,app,0
O01076,C0035,business,2024-09-28 22:50:00,6,south,airport,critical,46.37,app,0
O01077,C0021,retail,2024-08-30 00:01:00,4,north,riverside,low,130.85,app,0
O01078,C0622,parcel,2024-04-26 02:59:00,6,airport,riverside,low,91.33,web,1
O01079,C0017,passenger,2024-03-31 06:09:00,24,south,riverside,medium,190.5,app,0
O01080,C0107,passenger,2025-04-26 10:04:00,1,ctr,north,high,65.57,app,1
O01081,C0581,medical,2025-06-18 11:20:00,2,west,airport,critical,10.07,app,1
O01082,C0530,medical,2024-10-25 13:47:00,24,riverside,west,medium,43.58,web,0
O01083,C0156,retail,2025-05-05 08:21:00,12,east,south,low,29.43,phone,0
O01084,C0416,passenger,2024-02-26 02:16:00,4,central,south,medium,64.17,app,0
O01085,C0051,medical,2024-06-15 08:05:00,6,central,west,high,150.85,app,0
O01086,C0276,passenger,2024-03-05 19:03:00,4,airport,south,low,140.6,phone,0
O01087,C0248,parcel,2025-12-14 08:08:00,1,airport,west,low,116.34,web,0
O01088,C0444,parcel,2024-12-02 10:32:00,6,north,west,medium,49.16,web,1
O01089,C0035,retail,2025-05-18 04:12:00,2,riverside,north,low,7.74,phone,0
O01090,C0414,medical,2025-09-11 17:51:00,24,south,airport,critical,58.6,app,0
O01091,C0471,business,2024-02-22 04:53:00,2,riverside,airport,medium,49.37,app,0
O01092,C0482,passenger,2025-12-10 13:24:00,6,north,east,low,97.48,web,0
O01093,C0205,retail,2024-10-29 22:01:00,12,riverside,west,low,38.72,app,1
O01094,C0204,parcel,2024-08-22 09:51:00,2,east,riverside,medium,208.68,phone,0
O01095,C0612,business,2024-03-14 15:06:00,6,south,airport,high,23.65,web,0
O01096,C0036,passenger,2024-03-08 18:09:00,4,north,airport,medium,163.56,app,0
O01097,C0390,retail,2024-07-14 22:28:00,12,airport,north,low,59.58,app,0
O01098,C0093,retail,2025-04-24 07:39:00,2,north,riverside,low,17.79,web,0
O01099,C0302,retail,2024-04-05 21:30:00,24,east,ctr,critical,35.33,app,0
O01100,C0239,business,2025-08-01 13:08:00,4,airport,east,high,41.49,app,0
O01101,C0023,parcel,2024-01-14 06:59:00,6,riverside,north,medium,38.39,phone,1
O01102,C0323,passenger,2025-08-19 06:06:00,4,airport,west,medium,81.39,api,1
O01103,C0337,passenger,2025-10-11 14:15:00,24,north,east,medium,95.68,app,0
O01104,C0480,parcel,2024-09-21 16:27:00,12,east,riverside,low,55.13,web,0
O01105,C0239,business,2025-06-18 17:21:00,12,east,west,medium,13.4,phone,0
O01106,C0175,business,2024-02-28 00:14:00,12,east,ctr,medium,22.49,web,0
O01107,C0182,business,2024-01-25 07:32:00,12,airport,central,medium,282.35,app,0
O01108,C0235,parcel,2024-10-24 06:40:00,4,north,central,critical,164.37,web,0
O01109,C0598,business,2025-12-08 14:39:00,2,airport,riverside,low,16.12,phone,0
O01110,C0232,passenger,2024-07-15 05:13:00,1,south,airport,low,82.48,app,0
O01111,C0167,retail,2024-11-14 21:57:00,6,south,north,low,18.03,app,1
O01112,C0301,business,2024-09-24 04:10:00,2,east,west,critical,278.14,app,0
O01113,C0599,passenger,2024-03-04 07:29:00,6,riverside,north,high,94.63,web,0
O01114,C0278,passenger,2024-12-13 22:45:00,1,riverside,east,medium,94.52,app,0
O01115,C0492,business,2025-11-28 22:50:00,1,west,ctr,medium,63.15,web,0
O01116,C0556,medical,2024-11-13 12:20:00,6,east,west,medium,61.33,app,0
O01117,C0296,parcel,2025-06-19 23:19:00,6,airport,east,high,59.12,app,0
O01118,C0106,passenger,2024-02-26 19:20:00,4,west,west,high,65.93,app,0
O01119,C0627,medical,2024-04-01 09:03:00,6,ctr,north,medium,47.89,phone,0
O01120,C0182,medical,2024-11-28 16:15:00,2,south,west,low,62.79,app,0
O01121,C0078,retail,2024-06-03 05:59:00,12,central,south,high,73.49,app,0
O01122,C0390,parcel,2025-10-06 07:29:00,12,south,riverside,high,131.53,app,0
O01123,C0274,parcel,2024-01-31 06:20:00,24,south,west,high,98.07,app,1
O01124,C0015,business,2024-05-02 16:45:00,4,riverside,south,high,148.02,app,1
O01125,C0510,parcel,2025-06-17 11:43:00,12,west,central,low,47.38,phone,0
O01126,C0587,parcel,2025-05-02 16:19:00,4,south,central,medium,15.01,web,0
O01127,C0296,retail,2024-03-17 03:42:00,1,riverside,central,medium,104.37,web,1
O01128,C0588,passenger,2024-03-12 19:24:00,6,west,airport,medium,12.73,app,0
O01129,C0292,medical,2025-03-23 15:04:00,6,north,airport,low,139.29,app,0
O01130,C0649,business,2024-09-15 21:32:00,4,east,north,low,94.24,app,0
O01131,C0110,medical,2024-08-15 14:20:00,4,airport,north,low,150.77,app,1
O01132,C0588,business,2025-05-03 22:26:00,2,south,riverside,low,81.66,app,0
O01133,C0318,parcel,2025-12-23 11:34:00,24,east,west,medium,8.61,phone,0
O01134,C0248,retail,2025-04-02 23:59:00,4,central,south,low,87.01,app,0
O01135,C0505,parcel,2024-11-18 19:03:00,4,west,west,high,103.41,web,0
O01136,C0529,retail,2024-04-17 14:05:00,1,ctr,north,low,123.74,,1
O01137,C0213,passenger,2025-10-14 08:08:00,2,south,central,medium,101.93,app,1
O01138,C0409,parcel,2024-02-08 17:08:00,2,airport,south,medium,41.05,app,0
O01139,C0474,medical,2024-03-05 14:43:00,6,east,east,medium,87.44,app,0
O01140,C0244,passenger,2025-09-26 01:19:00,6,east,south,low,97.23,app,0
O01141,C0630,business,2025-11-04 02:54:00,4,east,north,low,36.73,app,1
O01142,C0136,retail,2025-11-07 10:27:00,24,east,west,high,91.95,app,0
O01143,C0467,retail,2025-06-16 02:09:00,2,riverside,east,low,217.11,phone,0
O01144,C0571,passenger,2025-02-07 22:06:00,4,riverside,south,medium,17.71,app,1
O01145,C0548,passenger,2024-02-22 01:18:00,24,east,north,medium,301.38,app,0
O01146,C0118,business,2025-11-17 04:33:00,6,south,east,high,61.63,phone,0
O01147,C0165,retail,2024-04-19 22:04:00,2,south,south,low,149.49,app,0
O01148,C0606,passenger,2024-11-19 05:52:00,24,ctr,riverside,medium,122.59,app,0
O01149,C0246,business,2025-06-28 19:53:00,24,riverside,airport,low,34.67,app,0
O01150,C0270,passenger,2025-02-20 05:15:00,1,north,west,low,144.76,phone,0
O01151,C0100,retail,2024-06-26 12:48:00,12,south,north,medium,94.09,app,0
O01152,C0247,passenger,2025-03-12 22:21:00,24,riverside,west,high,192.23,app,0
O01153,C0004,business,2025-01-06 03:57:00,2,ctr,airport,high,59.44,app,0
O01154,C0588,medical,2024-09-05 14:35:00,12,south,south,low,25.19,phone,0
O01155,C0021,parcel,2024-04-29 02:16:00,4,airport,east,low,56.45,web,0
O01156,C0430,passenger,2025-01-30 15:14:00,12,south,west,medium,47.0,app,0
O01157,C0012,parcel,2024-07-08 19:51:00,1,riverside,east,high,123.37,web,0
O01158,C0075,parcel,2024-10-22 14:25:00,24,north,west,medium,40.06,phone,0
O01159,C0069,passenger,2024-07-25 23:50:00,24,west,north,low,47.65,phone,1
O01160,C0548,parcel,2024-05-12 23:12:00,4,riverside,airport,high,171.67,app,0
O01161,C0359,passenger,2025-05-17 03:55:00,4,riverside,north,high,32.02,app,0
O01162,C0261,passenger,2025-06-09 10:51:00,2,riverside,east,medium,89.31,api,0
O01163,C0399,parcel,2024-09-10 00:16:00,4,north,east,low,13.49,app,1
O01164,C0530,parcel,2025-06-09 15:52:00,4,riverside,west,high,197.5,app,0
O01165,C0478,passenger,2025-12-13 04:54:00,6,east,west,low,118.02,phone,0
O01166,C0053,parcel,2025-09-22 10:20:00,4,west,north,medium,57.89,web,1
O01167,C0336,parcel,2024-06-25 23:47:00,6,central,east,low,103.78,app,0
O01168,C0575,passenger,2024-12-15 21:12:00,12,airport,central,medium,30.78,web,1
O01169,C0158,parcel,2025-11-06 13:03:00,4,airport,east,medium,145.59,web,0
O01170,C0321,passenger,2024-01-01 07:36:00,6,ctr,west,low,104.64,web,0
O01171,C0508,passenger,2024-12-18 00:50:00,6,riverside,ctr,medium,52.73,web,0
O01172,C0383,medical,2024-09-17 19:02:00,4,north,riverside,medium,111.98,phone,0
O01173,C0194,passenger,2024-02-08 10:14:00,6,north,airport,medium,41.11,phone,0
O01174,C0605,passenger,2024-11-21 08:23:00,6,riverside,airport,critical,104.71,web,0
O01175,C0623,retail,2024-11-04 11:39:00,24,west,airport,low,63.42,web,0
O01176,C0461,parcel,2024-12-27 12:24:00,6,north,riverside,high,93.51,app,1
O01177,C0611,parcel,2024-10-17 03:14:00,12,ctr,south,high,63.29,app,0
O01178,C0362,medical,2024-01-13 21:26:00,4,west,riverside,critical,2.04,web,0
O01179,C0207,passenger,2025-10-13 18:48:00,6,riverside,central,high,64.87,app,0
O01180,C0197,passenger,2024-09-07 20:51:00,2,airport,central,high,109.31,web,1
O01181,C0346,retail,2024-02-23 23:10:00,6,west,east,high,95.57,app,0
O01182,C0256,passenger,2024-06-03 09:16:00,6,airport,north,high,128.45,app,0
O01183,C0351,retail,2025-05-31 20:20:00,2,west,ctr,medium,53.74,app,0
O01184,C0253,business,2025-01-24 13:53:00,12,riverside,west,medium,25.61,web,0
O01185,C0591,parcel,2024-11-10 04:15:00,12,airport,riverside,medium,59.09,app,0
O01186,C0184,medical,2025-07-06 22:21:00,1,riverside,west,medium,96.23,web,0
O01187,C0451,medical,2025-11-17 01:22:00,1,north,airport,low,53.13,app,0
O01188,C0291,parcel,2024-06-25 10:56:00,1,ctr,west,critical,83.85,phone,0
O01189,C0353,parcel,2024-05-22 23:55:00,6,airport,riverside,low,129.6,web,0
O01190,C0168,parcel,2025-11-24 17:41:00,4,east,central,high,34.37,app,0
O01191,C0258,business,2024-02-19 17:29:00,2,east,north,low,91.82,app,0
O01192,C0200,business,2024-12-13 15:50:00,2,airport,ctr,medium,79.83,web,0
O01193,C0519,medical,2025-04-17 23:55:00,6,east,central,medium,11.71,api,0
O01194,C0229,passenger,2024-08-07 23:21:00,2,south,airport,medium,88.17,app,1
O01195,C0529,retail,2025-01-04 07:04:00,2,airport,central,medium,94.26,phone,0
O01196,C0109,parcel,2024-04-12 03:20:00,4,south,east,low,79.58,phone,0
O01197,C0359,retail,2024-01-27 00:14:00,24,ctr,airport,medium,63.08,app,0
O01198,C0013,retail,2025-01-13 02:39:00,6,north,east,high,36.61,app,0
O01199,C0225,business,2024-03-10 15:47:00,1,ctr,west,medium,119.36,app,0
O01200,C0433,passenger,2024-02-23 06:55:00,6,riverside,riverside,low,68.78,web,0
O01201,C0650,parcel,2025-04-18 20:25:00,12,riverside,north,medium,80.58,app,0
O01202,C0459,retail,2024-11-14 15:24:00,6,east,north,medium,65.73,phone,0
O01203,C0445,parcel,2024-11-13 20:40:00,24,west,riverside,medium,141.68,web,0
O01204,C0498,passenger,2025-08-13 15:20:00,1,east,central,critical,162.33,app,0
O01205,C0559,parcel,2024-12-19 23:53:00,4,west,north,low,65.7,web,0
O01206,C0236,medical,2024-11-15 23:55:00,4,central,riverside,high,142.54,web,0
O01207,C0197,business,2024-12-26 18:58:00,6,central,riverside,medium,321.68,app,0
O01208,C0098,medical,2024-04-18 19:37:00,12,riverside,south,medium,116.78,phone,1
O01209,C0182,parcel,2025-06-14 02:30:00,2,riverside,central,medium,12.79,app,0
O01210,C0581,medical,2025-04-01 13:00:00,2,riverside,riverside,medium,198.15,app,0
O01211,C0345,medical,2025-11-12 07:13:00,24,south,south,medium,17.36,api,0
O01212,C0262,parcel,2024-08-01 11:34:00,2,west,south,low,45.3,api,1
O01213,C0502,retail,2025-01-06 21:44:00,12,south,riverside,high,90.58,app,0
O01214,C0386,medical,2024-05-07 20:58:00,4,central,north,high,17.33,phone,1
O01215,C0054,business,2025-08-05 01:29:00,12,north,airport,medium,205.06,app,0
O01216,C0382,passenger,2025-08-28 18:27:00,6,west,airport,low,37.65,,1
O01217,C0263,passenger,2024-01-25 22:08:00,12,central,south,high,121.06,phone,0
O01218,C0065,retail,2025-03-15 02:11:00,4,airport,north,medium,101.68,phone,0
O01219,C0164,passenger,2025-06-20 09:52:00,4,north,riverside,high,81.91,api,0
O01220,C0006,passenger,2025-06-11 23:22:00,6,west,airport,high,76.75,phone,0
O01221,C0243,passenger,2024-04-13 07:50:00,4,east,ctr,medium,183.7,app,0
O01222,C0361,retail,2025-09-10 01:14:00,12,north,east,critical,105.79,phone,0
O01223,C0522,parcel,2025-01-10 23:27:00,12,east,riverside,medium,97.73,web,0
O01224,C0296,passenger,2024-06-10 12:40:00,4,riverside,central,low,136.16,app,0
O01225,C0074,parcel,2025-12-27 02:59:00,24,north,ctr,high,165.46,app,1
O01226,C0140,passenger,2025-03-02 06:20:00,6,south,south,medium,131.87,app,0
O01227,C0282,medical,2024-11-05 10:32:00,2,ctr,north,high,95.27,phone,0
O01228,C0431,retail,2024-07-10 15:34:00,6,west,north,low,110.84,web,0
O01229,C0399,passenger,2025-05-27 00:42:00,1,east,riverside,medium,84.74,phone,0
O01230,C0564,parcel,2024-05-26 19:24:00,1,central,north,high,86.63,app,0
O01231,C0305,medical,2025-07-28 05:11:00,6,airport,east,medium,45.16,app,1
O01232,C0189,passenger,2024-01-18 20:35:00,6,west,east,medium,55.4,app,1
O01233,C0520,retail,2024-04-25 18:23:00,4,west,south,high,51.7,phone,0
O01234,C0163,parcel,2024-02-24 01:13:00,2,west,north,medium,119.86,phone,1
O01235,C0636,medical,2025-06-01 00:57:00,1,north,riverside,low,67.31,phone,0
O01236,C0543,business,2025-05-29 22:57:00,12,south,airport,low,156.71,app,0
O01237,C0357,parcel,2025-12-30 06:32:00,12,ctr,east,high,195.64,app,0
O01238,C0318,passenger,2025-04-18 04:35:00,12,south,north,medium,79.85,app,0
O01239,C0392,retail,2024-08-06 04:09:00,2,south,west,medium,57.51,web,0
O01240,C0649,passenger,2025-10-08 14:51:00,2,east,east,high,178.86,phone,0
O01241,C0537,passenger,2024-02-01 13:08:00,2,airport,south,high,51.66,web,0
O01242,C0550,business,2025-09-08 22:16:00,1,ctr,riverside,low,284.98,app,0
O01243,C0428,retail,2025-09-10 08:14:00,12,east,central,medium,113.08,web,1
O01244,C0279,passenger,2025-03-06 06:32:00,24,airport,north,high,58.93,phone,0
O01245,C0237,retail,2025-10-05 14:03:00,2,airport,airport,high,24.93,app,1
O01246,C0198,business,2024-04-04 00:51:00,4,airport,north,medium,60.45,app,0
O01247,C0397,parcel,2024-12-14 22:10:00,4,central,riverside,low,23.58,web,0
O01248,C0517,retail,2024-08-30 17:16:00,24,south,riverside,medium,28.17,app,0
O01249,C0572,medical,2024-08-25 16:52:00,1,central,riverside,high,188.73,web,0
O01250,C0180,retail,2024-06-28 07:38:00,1,north,east,high,128.53,app,0
